image_path,label,subject_id
data/processed/nitk/right_837a.jpg,right,nitk
data/processed/nitk/right_861a (2).jpg,right,nitk
data/processed/nitk/right_455o.jpg,right,nitk
data/processed/nitk/right_567__.jpg,right,nitk
data/processed/nitk/right_134a.jpg,right,nitk
data/processed/nitk/right_421a.jpg,right,nitk
data/processed/nitk/right_130_.jpg,right,nitk
data/processed/nitk/right_510o.jpg,right,nitk
data/processed/nitk/right_140o.jpg,right,nitk
data/processed/nitk/right_1044a.jpg,right,nitk
data/processed/nitk/right_7a.jpg,right,nitk
data/processed/nitk/right_972a.jpg,right,nitk
data/processed/nitk/right_83a.jpg,right,nitk
data/processed/nitk/right_649_.jpg,right,nitk
data/processed/nitk/right_291_3_.jpg,right,nitk
data/processed/nitk/right_image_29.jpg,right,nitk
data/processed/nitk/right_547o.jpg,right,nitk
data/processed/nitk/right_295_4_.jpg,right,nitk
data/processed/nitk/right_394o.jpg,right,nitk
data/processed/nitk/right_312__.jpg,right,nitk
data/processed/nitk/right_414o.jpg,right,nitk
data/processed/nitk/right_551o.jpg,right,nitk
data/processed/nitk/right_1005a.jpg,right,nitk
data/processed/nitk/right_933a.jpg,right,nitk
data/processed/nitk/right_319a.jpg,right,nitk
data/processed/nitk/right_228o.jpg,right,nitk
data/processed/nitk/right_749a.jpg,right,nitk
data/processed/nitk/right_383_3_.jpg,right,nitk
data/processed/nitk/right_828a (2).jpg,right,nitk
data/processed/nitk/right_399_4_.jpg,right,nitk
data/processed/nitk/right_299_4_.jpg,right,nitk
data/processed/nitk/right_122a.jpg,right,nitk
data/processed/nitk/right_443o.jpg,right,nitk
data/processed/nitk/right_156o.jpg,right,nitk
data/processed/nitk/right_126_.jpg,right,nitk
data/processed/nitk/right_437a.jpg,right,nitk
data/processed/nitk/right_920a (2).jpg,right,nitk
data/processed/nitk/right_290o.jpg,right,nitk
data/processed/nitk/right_277__.jpg,right,nitk
data/processed/nitk/right_921a (2).jpg,right,nitk
data/processed/nitk/right_1029a.jpg,right,nitk
data/processed/nitk/right_393_2_.jpg,right,nitk
data/processed/nitk/right_438o.jpg,right,nitk
data/processed/nitk/right_293_2_.jpg,right,nitk
data/processed/nitk/right_341o.jpg,right,nitk
data/processed/nitk/right_270a.jpg,right,nitk
data/processed/nitk/right_765a.jpg,right,nitk
data/processed/nitk/right_204o.jpg,right,nitk
data/processed/nitk/right_253__.jpg,right,nitk
data/processed/nitk/right_480o.jpg,right,nitk
data/processed/nitk/right_948a.jpg,right,nitk
data/processed/nitk/right_384_1_.jpg,right,nitk
data/processed/nitk/right_494_7_.jpg,right,nitk
data/processed/nitk/right_583__.jpg,right,nitk
data/processed/nitk/right_253o.jpg,right,nitk
data/processed/nitk/right_362a.jpg,right,nitk
data/processed/nitk/right_498_7_.jpg,right,nitk
data/processed/nitk/right_496o.jpg,right,nitk
data/processed/nitk/right_118a.jpg,right,nitk
data/processed/nitk/right_479o.jpg,right,nitk
data/processed/nitk/right_388_1_.jpg,right,nitk
data/processed/nitk/right_183o.jpg,right,nitk
data/processed/nitk/right_300o.jpg,right,nitk
data/processed/nitk/right_image_28.jpg,right,nitk
data/processed/nitk/right_506__.jpg,right,nitk
data/processed/nitk/right_image_14.jpg,right,nitk
data/processed/nitk/right_374a.jpg,right,nitk
data/processed/nitk/right_909a.jpg,right,nitk
data/processed/nitk/right_639.jpg,right,nitk
data/processed/nitk/right_266a.jpg,right,nitk
data/processed/nitk/right_885a (2).jpg,right,nitk
data/processed/nitk/right_212o.jpg,right,nitk
data/processed/nitk/right_289a.jpg,right,nitk
data/processed/nitk/right_235_2_.jpg,right,nitk
data/processed/nitk/right_504__.jpg,right,nitk
data/processed/nitk/right_335_2_.jpg,right,nitk
data/processed/nitk/right_645_.jpg,right,nitk
data/processed/nitk/right_354a.jpg,right,nitk
data/processed/nitk/right_700_.jpg,right,nitk
data/processed/nitk/right_211a.jpg,right,nitk
data/processed/nitk/right_320o.jpg,right,nitk
data/processed/nitk/right_341_1_.jpg,right,nitk
data/processed/nitk/right_248_2_.jpg,right,nitk
data/processed/nitk/right_291__.jpg,right,nitk
data/processed/nitk/right_300_7_.jpg,right,nitk
data/processed/nitk/right_613.jpg,right,nitk
data/processed/nitk/right_458_4_.jpg,right,nitk
data/processed/nitk/right_1048a.jpg,right,nitk
data/processed/nitk/right_607.jpg,right,nitk
data/processed/nitk/right_303a.jpg,right,nitk
data/processed/nitk/right_753a.jpg,right,nitk
data/processed/nitk/right_363_7_.jpg,right,nitk
data/processed/nitk/right_image_16.jpg,right,nitk
data/processed/nitk/right_822a (2).jpg,right,nitk
data/processed/nitk/right_421_3_.jpg,right,nitk
data/processed/nitk/right_370_3_.jpg,right,nitk
data/processed/nitk/right_246a.jpg,right,nitk
data/processed/nitk/right_377o.jpg,right,nitk
data/processed/nitk/right_823a (2).jpg,right,nitk
data/processed/nitk/right_446_4_.jpg,right,nitk
data/processed/nitk/right_317_4_.jpg,right,nitk
data/processed/nitk/right_411.jpg,right,nitk
data/processed/nitk/right_356_2_.jpg,right,nitk
data/processed/nitk/right_929a.jpg,right,nitk
data/processed/nitk/right_224o.jpg,right,nitk
data/processed/nitk/right_361o.jpg,right,nitk
data/processed/nitk/right_366_4_.jpg,right,nitk
data/processed/nitk/right_250a.jpg,right,nitk
data/processed/nitk/right_437_4_.jpg,right,nitk
data/processed/nitk/right_253_1_.jpg,right,nitk
data/processed/nitk/right_402_1_.jpg,right,nitk
data/processed/nitk/right_301_3_.jpg,right,nitk
data/processed/nitk/right_21a.jpg,right,nitk
data/processed/nitk/right_895a.jpg,right,nitk
data/processed/nitk/right_1009a.jpg,right,nitk
data/processed/nitk/right_378_4_.jpg,right,nitk
data/processed/nitk/right_429_4_.jpg,right,nitk
data/processed/nitk/right_653_.jpg,right,nitk
data/processed/nitk/right_420_7_.jpg,right,nitk
data/processed/nitk/right_581__.jpg,right,nitk
data/processed/nitk/right_230_1_.jpg,right,nitk
data/processed/nitk/right_461_1_.jpg,right,nitk
data/processed/nitk/right_362_3_.jpg,right,nitk
data/processed/nitk/right_76a.jpg,right,nitk
data/processed/nitk/right_305_4_.jpg,right,nitk
data/processed/nitk/right_454_4_.jpg,right,nitk
data/processed/nitk/right_344_2_.jpg,right,nitk
data/processed/nitk/right_968a.jpg,right,nitk
data/processed/nitk/right_244_2_.jpg,right,nitk
data/processed/nitk/right_401_4_.jpg,right,nitk
data/processed/nitk/right_350_4_.jpg,right,nitk
data/processed/nitk/right_628_.jpg,right,nitk
data/processed/nitk/right_769a.jpg,right,nitk
data/processed/nitk/right_293a.jpg,right,nitk
data/processed/nitk/right_151_.jpg,right,nitk
data/processed/nitk/right_915a (2).jpg,right,nitk
data/processed/nitk/right_913a.jpg,right,nitk
data/processed/nitk/right_265_1_.jpg,right,nitk
data/processed/nitk/right_337_3_.jpg,right,nitk
data/processed/nitk/right_155a.jpg,right,nitk
data/processed/nitk/right_275__.jpg,right,nitk
data/processed/nitk/right_457_1_.jpg,right,nitk
data/processed/nitk/right_416_7_.jpg,right,nitk
data/processed/nitk/right_347_7_.jpg,right,nitk
data/processed/nitk/right_372_2_.jpg,right,nitk
data/processed/nitk/right_944a.jpg,right,nitk
data/processed/nitk/right_272_2_.jpg,right,nitk
data/processed/nitk/right_526o.jpg,right,nitk
data/processed/nitk/right_417a.jpg,right,nitk
data/processed/nitk/right_199o.jpg,right,nitk
data/processed/nitk/right_333_4_.jpg,right,nitk
data/processed/nitk/right_801a.jpg,right,nitk
data/processed/nitk/right_686_.jpg,right,nitk
data/processed/nitk/right_397a.jpg,right,nitk
data/processed/nitk/right_413_4_.jpg,right,nitk
data/processed/nitk/right_410.jpg,right,nitk
data/processed/nitk/right_358_3_.jpg,right,nitk
data/processed/nitk/right_203_2_.jpg,right,nitk
data/processed/nitk/right_409_3_.jpg,right,nitk
data/processed/nitk/right_378a.jpg,right,nitk
data/processed/nitk/right_110_.jpg,right,nitk
data/processed/nitk/right_248__.jpg,right,nitk
data/processed/nitk/right_336_7_.jpg,right,nitk
data/processed/nitk/right_952a.jpg,right,nitk
data/processed/nitk/right_567_7_.jpg,right,nitk
data/processed/nitk/right_image_17.jpg,right,nitk
data/processed/nitk/right_426_1_.jpg,right,nitk
data/processed/nitk/right_475o.jpg,right,nitk
data/processed/nitk/right_565__.jpg,right,nitk
data/processed/nitk/right_346_3_.jpg,right,nitk
data/processed/nitk/right_417_3_.jpg,right,nitk
data/processed/nitk/right_790a.jpg,right,nitk
data/processed/nitk/right_314_1_.jpg,right,nitk
data/processed/nitk/right_612.jpg,right,nitk
data/processed/nitk/right_310__.jpg,right,nitk
data/processed/nitk/right_404_7_.jpg,right,nitk
data/processed/nitk/right_855a (2).jpg,right,nitk
data/processed/nitk/right_854a (2).jpg,right,nitk
data/processed/nitk/right_369_1_.jpg,right,nitk
data/processed/nitk/right_1033a.jpg,right,nitk
data/processed/nitk/right_269_1_.jpg,right,nitk
data/processed/nitk/right_147_.jpg,right,nitk
data/processed/nitk/right_567o.jpg,right,nitk
data/processed/nitk/right_360_2_.jpg,right,nitk
data/processed/nitk/right_143a.jpg,right,nitk
data/processed/nitk/right_328_7_.jpg,right,nitk
data/processed/nitk/right_840a.jpg,right,nitk
data/processed/nitk/right_470_4_.jpg,right,nitk
data/processed/nitk/right_904a.jpg,right,nitk
data/processed/nitk/right_566o.jpg,right,nitk
data/processed/nitk/right_431_3_.jpg,right,nitk
data/processed/nitk/right_289__ (2).jpg,right,nitk
data/processed/nitk/right_142a.jpg,right,nitk
data/processed/nitk/right_423o.jpg,right,nitk
data/processed/nitk/right_373_7_.jpg,right,nitk
data/processed/nitk/right_422_7_.jpg,right,nitk
data/processed/nitk/right_937a (2).jpg,right,nitk
data/processed/nitk/right_271__.jpg,right,nitk
data/processed/nitk/right_346_2_.jpg,right,nitk
data/processed/nitk/right_791a.jpg,right,nitk
data/processed/nitk/right_936a (2).jpg,right,nitk
data/processed/nitk/right_246_2_.jpg,right,nitk
data/processed/nitk/right_456_4_.jpg,right,nitk
data/processed/nitk/right_111_.jpg,right,nitk
data/processed/nitk/right_161o.jpg,right,nitk
data/processed/nitk/right_435_4_.jpg,right,nitk
data/processed/nitk/right_953a.jpg,right,nitk
data/processed/nitk/right_325_2_.jpg,right,nitk
data/processed/nitk/right_816a.jpg,right,nitk
data/processed/nitk/right_115a.jpg,right,nitk
data/processed/nitk/right_image_13.jpg,right,nitk
data/processed/nitk/right_396a.jpg,right,nitk
data/processed/nitk/right_668_.jpg,right,nitk
data/processed/nitk/right_379a.jpg,right,nitk
data/processed/nitk/right_248o.jpg,right,nitk
data/processed/nitk/right_428.jpg,right,nitk
data/processed/nitk/right_351_1_.jpg,right,nitk
data/processed/nitk/right_303_3_.jpg,right,nitk
data/processed/nitk/right_258_2_.jpg,right,nitk
data/processed/nitk/right_320_1_.jpg,right,nitk
data/processed/nitk/right_423_3_.jpg,right,nitk
data/processed/nitk/right_945a.jpg,right,nitk
data/processed/nitk/right_372_3_.jpg,right,nitk
data/processed/nitk/right_1073a.jpg,right,nitk
data/processed/nitk/right_177o.jpg,right,nitk
data/processed/nitk/right_527o.jpg,right,nitk
data/processed/nitk/right_462o.jpg,right,nitk
data/processed/nitk/right_361_7_.jpg,right,nitk
data/processed/nitk/right_198o.jpg,right,nitk
data/processed/nitk/right_800a.jpg,right,nitk
data/processed/nitk/right_439_4_.jpg,right,nitk
data/processed/nitk/right_368_4_.jpg,right,nitk
data/processed/nitk/right_380a.jpg,right,nitk
data/processed/nitk/right_354_2_.jpg,right,nitk
data/processed/nitk/right_314__.jpg,right,nitk
data/processed/nitk/right_441a.jpg,right,nitk
data/processed/nitk/right_427_4_.jpg,right,nitk
data/processed/nitk/right_857a.jpg,right,nitk
data/processed/nitk/right_876a (2).jpg,right,nitk
data/processed/nitk/right_435o.jpg,right,nitk
data/processed/nitk/right_877a (2).jpg,right,nitk
data/processed/nitk/right_154a.jpg,right,nitk
data/processed/nitk/right_302_7_.jpg,right,nitk
data/processed/nitk/right_209o.jpg,right,nitk
data/processed/nitk/right_338a.jpg,right,nitk
data/processed/nitk/right_629_.jpg,right,nitk
data/processed/nitk/right_768a.jpg,right,nitk
data/processed/nitk/right_292a.jpg,right,nitk
data/processed/nitk/right_243_1_.jpg,right,nitk
data/processed/nitk/right_77a.jpg,right,nitk
data/processed/nitk/right_357_7_.jpg,right,nitk
data/processed/nitk/right_506_7_.jpg,right,nitk
data/processed/nitk/right_909a (2).jpg,right,nitk
data/processed/nitk/right_344_3_.jpg,right,nitk
data/processed/nitk/right_415_3_.jpg,right,nitk
data/processed/nitk/right_447_1_.jpg,right,nitk
data/processed/nitk/right_652_.jpg,right,nitk
data/processed/nitk/right_323_4_.jpg,right,nitk
data/processed/nitk/right_893a (2).jpg,right,nitk
data/processed/nitk/right_362_2_.jpg,right,nitk
data/processed/nitk/right_178a.jpg,right,nitk
data/processed/nitk/right_301_2_.jpg,right,nitk
data/processed/nitk/right_295__.jpg,right,nitk
data/processed/nitk/right_418_7_.jpg,right,nitk
data/processed/nitk/right_197a.jpg,right,nitk
data/processed/nitk/right_518_7_.jpg,right,nitk
data/processed/nitk/right_340_4_.jpg,right,nitk
data/processed/nitk/right_275_1_.jpg,right,nitk
data/processed/nitk/right_225o.jpg,right,nitk
data/processed/nitk/right_334_7_.jpg,right,nitk
data/processed/nitk/right_514_7_.jpg,right,nitk
data/processed/nitk/right_429.jpg,right,nitk
data/processed/nitk/right_578__.jpg,right,nitk
data/processed/nitk/right_414_7_.jpg,right,nitk
data/processed/nitk/right_255__.jpg,right,nitk
data/processed/nitk/right_356_3_.jpg,right,nitk
data/processed/nitk/right_882a.jpg,right,nitk
data/processed/nitk/right_415.jpg,right,nitk
data/processed/nitk/right_455_1_.jpg,right,nitk
data/processed/nitk/right_928a.jpg,right,nitk
data/processed/nitk/right_image_12.jpg,right,nitk
data/processed/nitk/right_569_7_.jpg,right,nitk
data/processed/nitk/right_752a.jpg,right,nitk
data/processed/nitk/right_940a (2).jpg,right,nitk
data/processed/nitk/right_399o.jpg,right,nitk
data/processed/nitk/right_331_4_.jpg,right,nitk
data/processed/nitk/right_941a (2).jpg,right,nitk
data/processed/nitk/right_338_7_.jpg,right,nitk
data/processed/nitk/right_279_1_.jpg,right,nitk
data/processed/nitk/right_370_2_.jpg,right,nitk
data/processed/nitk/right_428_1_.jpg,right,nitk
data/processed/nitk/right_247a.jpg,right,nitk
data/processed/nitk/right_139a.jpg,right,nitk
data/processed/nitk/right_458o.jpg,right,nitk
data/processed/nitk/right_419_3_.jpg,right,nitk
data/processed/nitk/right_990a.jpg,right,nitk
data/processed/nitk/right_352_4_.jpg,right,nitk
data/processed/nitk/right_617.jpg,right,nitk
data/processed/nitk/right_267_1_.jpg,right,nitk
data/processed/nitk/right_335_3_.jpg,right,nitk
data/processed/nitk/right_264o.jpg,right,nitk
data/processed/nitk/right_367_1_.jpg,right,nitk
data/processed/nitk/right_436_1_.jpg,right,nitk
data/processed/nitk/right_355a.jpg,right,nitk
data/processed/nitk/right_321o.jpg,right,nitk
data/processed/nitk/right_701_.jpg,right,nitk
data/processed/nitk/right_326_7_.jpg,right,nitk
data/processed/nitk/right_267a.jpg,right,nitk
data/processed/nitk/right_633_.jpg,right,nitk
data/processed/nitk/right_288a.jpg,right,nitk
data/processed/nitk/right_615.jpg,right,nitk
data/processed/nitk/right_908a.jpg,right,nitk
data/processed/nitk/right_284__ (2).jpg,right,nitk
data/processed/nitk/right_16a.jpg,right,nitk
data/processed/nitk/right_385_4_.jpg,right,nitk
data/processed/nitk/right_629.jpg,right,nitk
data/processed/nitk/right_585o.jpg,right,nitk
data/processed/nitk/right_301o.jpg,right,nitk
data/processed/nitk/right_image_38.jpg,right,nitk
data/processed/nitk/right_image_10.jpg,right,nitk
data/processed/nitk/right_244o.jpg,right,nitk
data/processed/nitk/right_664_.jpg,right,nitk
data/processed/nitk/right_497o.jpg,right,nitk
data/processed/nitk/right_119a.jpg,right,nitk
data/processed/nitk/right_478o.jpg,right,nitk
data/processed/nitk/right_182o.jpg,right,nitk
data/processed/nitk/right_226a.jpg,right,nitk
data/processed/nitk/right_317o.jpg,right,nitk
data/processed/nitk/right_363a.jpg,right,nitk
data/processed/nitk/right_194o.jpg,right,nitk
data/processed/nitk/right_340o.jpg,right,nitk
data/processed/nitk/right_502__.jpg,right,nitk
data/processed/nitk/right_764a.jpg,right,nitk
data/processed/nitk/right_334a.jpg,right,nitk
data/processed/nitk/right_205o.jpg,right,nitk
data/processed/nitk/right_289_4_.jpg,right,nitk
data/processed/nitk/right_1028a.jpg,right,nitk
data/processed/nitk/right_389_4_.jpg,right,nitk
data/processed/nitk/right_158a.jpg,right,nitk
data/processed/nitk/right_393_3_.jpg,right,nitk
data/processed/nitk/right_293_3_.jpg,right,nitk
data/processed/nitk/right_484_7_.jpg,right,nitk
data/processed/nitk/right_291o.jpg,right,nitk
data/processed/nitk/right_316__.jpg,right,nitk
data/processed/nitk/right_442o.jpg,right,nitk
data/processed/nitk/right_820a.jpg,right,nitk
data/processed/nitk/right_1053a.jpg,right,nitk
data/processed/nitk/right_507o.jpg,right,nitk
data/processed/nitk/right_229o.jpg,right,nitk
data/processed/nitk/right_318a.jpg,right,nitk
data/processed/nitk/right_283_2_.jpg,right,nitk
data/processed/nitk/right_383o.jpg,right,nitk
data/processed/nitk/right_383_2_.jpg,right,nitk
data/processed/nitk/right_278__ (2).jpg,right,nitk
data/processed/nitk/right_563__.jpg,right,nitk
data/processed/nitk/right_174a.jpg,right,nitk
data/processed/nitk/right_898a.jpg,right,nitk
data/processed/nitk/right_395o.jpg,right,nitk
data/processed/nitk/right_496_7_.jpg,right,nitk
data/processed/nitk/right_273__.jpg,right,nitk
data/processed/nitk/right_286_1_.jpg,right,nitk
data/processed/nitk/right_416.jpg,right,nitk
data/processed/nitk/right_386_1_.jpg,right,nitk
data/processed/nitk/right_403o.jpg,right,nitk
data/processed/nitk/right_861a.jpg,right,nitk
data/processed/nitk/right_924a.jpg,right,nitk
data/processed/nitk/right_image_39.jpg,right,nitk
data/processed/nitk/right_546o.jpg,right,nitk
data/processed/nitk/right_166_.jpg,right,nitk
data/processed/nitk/right_359a.jpg,right,nitk
data/processed/nitk/right_298_1_.jpg,right,nitk
data/processed/nitk/right_481_4_.jpg,right,nitk
data/processed/nitk/right_287o.jpg,right,nitk
data/processed/nitk/right_488_7_.jpg,right,nitk
data/processed/nitk/right_836a.jpg,right,nitk
data/processed/nitk/right_454o.jpg,right,nitk
data/processed/nitk/right_511o.jpg,right,nitk
data/processed/nitk/right_420a.jpg,right,nitk
data/processed/nitk/right_1045a.jpg,right,nitk
data/processed/nitk/right_643_.jpg,right,nitk
data/processed/nitk/right_263o.jpg,right,nitk
data/processed/nitk/right_464_4_.jpg,right,nitk
data/processed/nitk/right_374_2_.jpg,right,nitk
data/processed/nitk/right_274_2_.jpg,right,nitk
data/processed/nitk/right_326o.jpg,right,nitk
data/processed/nitk/right_510_7_.jpg,right,nitk
data/processed/nitk/right_348_4_.jpg,right,nitk
data/processed/nitk/right_341_7_.jpg,right,nitk
data/processed/nitk/right_410_7_.jpg,right,nitk
data/processed/nitk/right_309_2_.jpg,right,nitk
data/processed/nitk/right_209_2_.jpg,right,nitk
data/processed/nitk/right_234o.jpg,right,nitk
data/processed/nitk/right_331_3_.jpg,right,nitk
data/processed/nitk/right_432_1_.jpg,right,nitk
data/processed/nitk/right_240a.jpg,right,nitk
data/processed/nitk/right_371o.jpg,right,nitk
data/processed/nitk/right_573_7_.jpg,right,nitk
data/processed/nitk/right_473_7_.jpg,right,nitk
data/processed/nitk/right_930a (2).jpg,right,nitk
data/processed/nitk/right_169a.jpg,right,nitk
data/processed/nitk/right_931a (2).jpg,right,nitk
data/processed/nitk/right_image_89.jpg,right,nitk
data/processed/nitk/right_356_4_.jpg,right,nitk
data/processed/nitk/right_407_4_.jpg,right,nitk
data/processed/nitk/right_1019a.jpg,right,nitk
data/processed/nitk/right_388o.jpg,right,nitk
data/processed/nitk/right_313a.jpg,right,nitk
data/processed/nitk/right_288.jpg,right,nitk
data/processed/nitk/right_327_4_.jpg,right,nitk
data/processed/nitk/right_353_7_.jpg,right,nitk
data/processed/nitk/right_502_7_.jpg,right,nitk
data/processed/nitk/right_277.jpg,right,nitk
data/processed/nitk/right_190a.jpg,right,nitk
data/processed/nitk/right_443_1_.jpg,right,nitk
data/processed/nitk/right_263.jpg,right,nitk
data/processed/nitk/right_893a.jpg,right,nitk
data/processed/nitk/right_278_2_.jpg,right,nitk
data/processed/nitk/right_323_3_.jpg,right,nitk
data/processed/nitk/right_420_1_.jpg,right,nitk
data/processed/nitk/right_378_2_.jpg,right,nitk
data/processed/nitk/right_275o.jpg,right,nitk
data/processed/nitk/right_344a.jpg,right,nitk
data/processed/nitk/right_655_.jpg,right,nitk
data/processed/nitk/right_505__.jpg,right,nitk
data/processed/nitk/right_201a.jpg,right,nitk
data/processed/nitk/right_330_7_.jpg,right,nitk
data/processed/nitk/right_468_4_.jpg,right,nitk
data/processed/nitk/right_128a.jpg,right,nitk
data/processed/nitk/right_290__.jpg,right,nitk
data/processed/nitk/right_70a.jpg,right,nitk
data/processed/nitk/right_344_4_.jpg,right,nitk
data/processed/nitk/right_408_1_.jpg,right,nitk
data/processed/nitk/right_780a.jpg,right,nitk
data/processed/nitk/right_350_2_.jpg,right,nitk
data/processed/nitk/right_318_7_.jpg,right,nitk
data/processed/nitk/right_295a.jpg,right,nitk
data/processed/nitk/right_440_4_.jpg,right,nitk
data/processed/nitk/right_427_3_.jpg,right,nitk
data/processed/nitk/right_577o.jpg,right,nitk
data/processed/nitk/right_157_.jpg,right,nitk
data/processed/nitk/right_446a.jpg,right,nitk
data/processed/nitk/right_921.jpg,right,nitk
data/processed/nitk/right_365_7_.jpg,right,nitk
data/processed/nitk/right_153a.jpg,right,nitk
data/processed/nitk/right_306_7_.jpg,right,nitk
data/processed/nitk/right_262.jpg,right,nitk
data/processed/nitk/right_387a.jpg,right,nitk
data/processed/nitk/right_276.jpg,right,nitk
data/processed/nitk/right_416_1_.jpg,right,nitk
data/processed/nitk/right_368a.jpg,right,nitk
data/processed/nitk/right_347_1_.jpg,right,nitk
data/processed/nitk/right_247_1_.jpg,right,nitk
data/processed/nitk/right_1074a.jpg,right,nitk
data/processed/nitk/right_520o.jpg,right,nitk
data/processed/nitk/right_249__.jpg,right,nitk
data/processed/nitk/right_372_4_.jpg,right,nitk
data/processed/nitk/right_894a (2).jpg,right,nitk
data/processed/nitk/right_368_3_.jpg,right,nitk
data/processed/nitk/right_233_2_.jpg,right,nitk
data/processed/nitk/right_564__.jpg,right,nitk
data/processed/nitk/right_104a.jpg,right,nitk
data/processed/nitk/right_521__.jpg,right,nitk
data/processed/nitk/right_333_2_.jpg,right,nitk
data/processed/nitk/right_342_2_.jpg,right,nitk
data/processed/nitk/right_680_.jpg,right,nitk
data/processed/nitk/right_image_88.jpg,right,nitk
data/processed/nitk/right_242_2_.jpg,right,nitk
data/processed/nitk/right_319_3_.jpg,right,nitk
data/processed/nitk/right_954a.jpg,right,nitk
data/processed/nitk/right_536o.jpg,right,nitk
data/processed/nitk/right_336_1_.jpg,right,nitk
data/processed/nitk/right_364_3_.jpg,right,nitk
data/processed/nitk/right_473o.jpg,right,nitk
data/processed/nitk/right_112a.jpg,right,nitk
data/processed/nitk/right_377_7_.jpg,right,nitk
data/processed/nitk/right_811a.jpg,right,nitk
data/processed/nitk/right_289__.jpg,right,nitk
data/processed/nitk/right_796a.jpg,right,nitk
data/processed/nitk/right_779a.jpg,right,nitk
data/processed/nitk/right_255_1_.jpg,right,nitk
data/processed/nitk/right_218o.jpg,right,nitk
data/processed/nitk/right_329a.jpg,right,nitk
data/processed/nitk/right_355_1_.jpg,right,nitk
data/processed/nitk/right_431_4_.jpg,right,nitk
data/processed/nitk/right_561o.jpg,right,nitk
data/processed/nitk/right_369_7_.jpg,right,nitk
data/processed/nitk/right_321_2_.jpg,right,nitk
data/processed/nitk/right_846a.jpg,right,nitk
data/processed/nitk/right_228_1_.jpg,right,nitk
data/processed/nitk/right_328_1_.jpg,right,nitk
data/processed/nitk/right_831a.jpg,right,nitk
data/processed/nitk/right_1a.jpg,right,nitk
data/processed/nitk/right_974a.jpg,right,nitk
data/processed/nitk/right_136_.jpg,right,nitk
data/processed/nitk/right_516o.jpg,right,nitk
data/processed/nitk/right_146o.jpg,right,nitk
data/processed/nitk/right_276__.jpg,right,nitk
data/processed/nitk/right_280o.jpg,right,nitk
data/processed/nitk/right_664.jpg,right,nitk
data/processed/nitk/right_382_1_.jpg,right,nitk
data/processed/nitk/right_165a.jpg,right,nitk
data/processed/nitk/right_295_2_.jpg,right,nitk
data/processed/nitk/right_485_4_.jpg,right,nitk
data/processed/nitk/right_412o.jpg,right,nitk
data/processed/nitk/right_173a.jpg,right,nitk
data/processed/nitk/right_557o.jpg,right,nitk
data/processed/nitk/right_759_3_.jpg,right,nitk
data/processed/nitk/right_248.jpg,right,nitk
data/processed/nitk/right_489_4_.jpg,right,nitk
data/processed/nitk/right_299_2_.jpg,right,nitk
data/processed/nitk/right_313__.jpg,right,nitk
data/processed/nitk/right_274.jpg,right,nitk
data/processed/nitk/right_399_2_.jpg,right,nitk
data/processed/nitk/right_827a.jpg,right,nitk
data/processed/nitk/right_97_.jpg,right,nitk
data/processed/nitk/right_150o.jpg,right,nitk
data/processed/nitk/right_1054a.jpg,right,nitk
data/processed/nitk/right_279o.jpg,right,nitk
data/processed/nitk/right_389_3_.jpg,right,nitk
data/processed/nitk/right_919a.jpg,right,nitk
data/processed/nitk/right_289_3_.jpg,right,nitk
data/processed/nitk/right_293_4_.jpg,right,nitk
data/processed/nitk/right_347o.jpg,right,nitk
data/processed/nitk/right_276a.jpg,right,nitk
data/processed/nitk/right_202o.jpg,right,nitk
data/processed/nitk/right_922.jpg,right,nitk
data/processed/nitk/right_845a (2).jpg,right,nitk
data/processed/nitk/right_384_7_.jpg,right,nitk
data/processed/nitk/right_486o.jpg,right,nitk
data/processed/nitk/right_261.jpg,right,nitk
data/processed/nitk/right_397_3_.jpg,right,nitk
data/processed/nitk/right_297_3_.jpg,right,nitk
data/processed/nitk/right_221a.jpg,right,nitk
data/processed/nitk/right_542__.jpg,right,nitk
data/processed/nitk/right_255o.jpg,right,nitk
data/processed/nitk/right_364a.jpg,right,nitk
data/processed/nitk/right_381_4_.jpg,right,nitk
data/processed/nitk/right_388_7_.jpg,right,nitk
data/processed/nitk/right_185o.jpg,right,nitk
data/processed/nitk/right_237a.jpg,right,nitk
data/processed/nitk/right_306o.jpg,right,nitk
data/processed/nitk/right_663_.jpg,right,nitk
data/processed/nitk/right_372a.jpg,right,nitk
data/processed/nitk/right_243o.jpg,right,nitk
data/processed/nitk/right_image_60.jpg,right,nitk
data/processed/nitk/right_296_7_.jpg,right,nitk
data/processed/nitk/right_659.jpg,right,nitk
data/processed/nitk/right_582o.jpg,right,nitk
data/processed/nitk/right_11a.jpg,right,nitk
data/processed/nitk/right_775a.jpg,right,nitk
data/processed/nitk/right_350o.jpg,right,nitk
data/processed/nitk/right_546__.jpg,right,nitk
data/processed/nitk/right_215o.jpg,right,nitk
data/processed/nitk/right_635_.jpg,right,nitk
data/processed/nitk/right_324a.jpg,right,nitk
data/processed/nitk/right_503__.jpg,right,nitk
data/processed/nitk/right_774a.jpg,right,nitk
data/processed/nitk/right_649.jpg,right,nitk
data/processed/nitk/right_285_2_.jpg,right,nitk
data/processed/nitk/right_583o.jpg,right,nitk
data/processed/nitk/right_296__.jpg,right,nitk
data/processed/nitk/right_385_2_.jpg,right,nitk
data/processed/nitk/right_866a (2).jpg,right,nitk
data/processed/nitk/right_867a (2).jpg,right,nitk
data/processed/nitk/right_236a.jpg,right,nitk
data/processed/nitk/right_662_.jpg,right,nitk
data/processed/nitk/right_373a.jpg,right,nitk
data/processed/nitk/right_image_70.jpg,right,nitk
data/processed/nitk/right_491o.jpg,right,nitk
data/processed/nitk/right_292_1_.jpg,right,nitk
data/processed/nitk/right_482_7_.jpg,right,nitk
data/processed/nitk/right_220a.jpg,right,nitk
data/processed/nitk/right_311o.jpg,right,nitk
data/processed/nitk/right_288__ (2).jpg,right,nitk
data/processed/nitk/right_674_.jpg,right,nitk
data/processed/nitk/right_254o.jpg,right,nitk
data/processed/nitk/right_265.jpg,right,nitk
data/processed/nitk/right_487_4_.jpg,right,nitk
data/processed/nitk/right_487o.jpg,right,nitk
data/processed/nitk/right_271.jpg,right,nitk
data/processed/nitk/right_468o.jpg,right,nitk
data/processed/nitk/right_927a (2).jpg,right,nitk
data/processed/nitk/right_259.jpg,right,nitk
data/processed/nitk/right_192o.jpg,right,nitk
data/processed/nitk/right_109a.jpg,right,nitk
data/processed/nitk/right_297_2_.jpg,right,nitk
data/processed/nitk/right_586__.jpg,right,nitk
data/processed/nitk/right_277a.jpg,right,nitk
data/processed/nitk/right_332a.jpg,right,nitk
data/processed/nitk/right_389_2_.jpg,right,nitk
data/processed/nitk/right_918a.jpg,right,nitk
data/processed/nitk/right_490_7_.jpg,right,nitk
data/processed/nitk/right_278o.jpg,right,nitk
data/processed/nitk/right_387_3_.jpg,right,nitk
data/processed/nitk/right_394_7_.jpg,right,nitk
data/processed/nitk/right_121_.jpg,right,nitk
data/processed/nitk/right_501o.jpg,right,nitk
data/processed/nitk/right_963a.jpg,right,nitk
data/processed/nitk/right_383_4_.jpg,right,nitk
data/processed/nitk/right_258.jpg,right,nitk
data/processed/nitk/right_385o.jpg,right,nitk
data/processed/nitk/right_272__.jpg,right,nitk
data/processed/nitk/right_264.jpg,right,nitk
data/processed/nitk/right_871a.jpg,right,nitk
data/processed/nitk/right_934a.jpg,right,nitk
data/processed/nitk/right_556o.jpg,right,nitk
data/processed/nitk/right_1002a.jpg,right,nitk
data/processed/nitk/right_758a.jpg,right,nitk
data/processed/nitk/right_393o.jpg,right,nitk
data/processed/nitk/right_919a (2).jpg,right,nitk
data/processed/nitk/right_395_3_.jpg,right,nitk
data/processed/nitk/right_308a.jpg,right,nitk
data/processed/nitk/right_239o.jpg,right,nitk
data/processed/nitk/right_867a.jpg,right,nitk
data/processed/nitk/right_882a (2).jpg,right,nitk
data/processed/nitk/right_image_65.jpg,right,nitk
data/processed/nitk/right_527__.jpg,right,nitk
data/processed/nitk/right_405o.jpg,right,nitk
data/processed/nitk/right_1014a.jpg,right,nitk
data/processed/nitk/right_888a.jpg,right,nitk
data/processed/nitk/right_291_4_.jpg,right,nitk
data/processed/nitk/right_660.jpg,right,nitk
data/processed/nitk/right_133a.jpg,right,nitk
data/processed/nitk/right_84a.jpg,right,nitk
data/processed/nitk/right_975a.jpg,right,nitk
data/processed/nitk/right_517o.jpg,right,nitk
data/processed/nitk/right_1043a.jpg,right,nitk
data/processed/nitk/right_147o.jpg,right,nitk
data/processed/nitk/right_560o.jpg,right,nitk
data/processed/nitk/right_332_7_.jpg,right,nitk
data/processed/nitk/right_825a (2).jpg,right,nitk
data/processed/nitk/right_560__.jpg,right,nitk
data/processed/nitk/right_273_1_.jpg,right,nitk
data/processed/nitk/right_425o.jpg,right,nitk
data/processed/nitk/right_797a.jpg,right,nitk
data/processed/nitk/right_417_4_.jpg,right,nitk
data/processed/nitk/right_778a.jpg,right,nitk
data/processed/nitk/right_207_2_.jpg,right,nitk
data/processed/nitk/right_282a.jpg,right,nitk
data/processed/nitk/right_328a.jpg,right,nitk
data/processed/nitk/right_219o.jpg,right,nitk
data/processed/nitk/right_307_2_.jpg,right,nitk
data/processed/nitk/right_264_2_.jpg,right,nitk
data/processed/nitk/right_955a.jpg,right,nitk
data/processed/nitk/right_1063a.jpg,right,nitk
data/processed/nitk/right_364_2_.jpg,right,nitk
data/processed/nitk/right_188o.jpg,right,nitk
data/processed/nitk/right_image_73.jpg,right,nitk
data/processed/nitk/right_image_67.jpg,right,nitk
data/processed/nitk/right_310_1_.jpg,right,nitk
data/processed/nitk/right_315__.jpg,right,nitk
data/processed/nitk/right_500_7_.jpg,right,nitk
data/processed/nitk/right_409_4_.jpg,right,nitk
data/processed/nitk/right_571_7_.jpg,right,nitk
data/processed/nitk/right_171o.jpg,right,nitk
data/processed/nitk/right_478_4_.jpg,right,nitk
data/processed/nitk/right_521o.jpg,right,nitk
data/processed/nitk/right_943a.jpg,right,nitk
data/processed/nitk/right_320_7_.jpg,right,nitk
data/processed/nitk/right_471_7_.jpg,right,nitk
data/processed/nitk/right_261_1_.jpg,right,nitk
data/processed/nitk/right_333_3_.jpg,right,nitk
data/processed/nitk/right_464o.jpg,right,nitk
data/processed/nitk/right_361_1_.jpg,right,nitk
data/processed/nitk/right_354_4_.jpg,right,nitk
data/processed/nitk/right_272.jpg,right,nitk
data/processed/nitk/right_405_4_.jpg,right,nitk
data/processed/nitk/right_697_.jpg,right,nitk
data/processed/nitk/right_266.jpg,right,nitk
data/processed/nitk/right_369a.jpg,right,nitk
data/processed/nitk/right_215_2_.jpg,right,nitk
data/processed/nitk/right_285__ (2).jpg,right,nitk
data/processed/nitk/right_276_2_.jpg,right,nitk
data/processed/nitk/right_447a.jpg,right,nitk
data/processed/nitk/right_1022a.jpg,right,nitk
data/processed/nitk/right_433o.jpg,right,nitk
data/processed/nitk/right_152a.jpg,right,nitk
data/processed/nitk/right_466_4_.jpg,right,nitk
data/processed/nitk/right_235__.jpg,right,nitk
data/processed/nitk/right_350_3_.jpg,right,nitk
data/processed/nitk/right_401_3_.jpg,right,nitk
data/processed/nitk/right_302_1_.jpg,right,nitk
data/processed/nitk/right_412_7_.jpg,right,nitk
data/processed/nitk/right_357_1_.jpg,right,nitk
data/processed/nitk/right_71a.jpg,right,nitk
data/processed/nitk/right_305_3_.jpg,right,nitk
data/processed/nitk/right_654_.jpg,right,nitk
data/processed/nitk/right_223_2_.jpg,right,nitk
data/processed/nitk/right_429_3_.jpg,right,nitk
data/processed/nitk/right_378_3_.jpg,right,nitk
data/processed/nitk/right_274o.jpg,right,nitk
data/processed/nitk/right_200a.jpg,right,nitk
data/processed/nitk/right_433_4_.jpg,right,nitk
data/processed/nitk/right_450_4_.jpg,right,nitk
data/processed/nitk/right_888a (2).jpg,right,nitk
data/processed/nitk/right_308_7_.jpg,right,nitk
data/processed/nitk/right_579__.jpg,right,nitk
data/processed/nitk/right_191a.jpg,right,nitk
data/processed/nitk/right_267.jpg,right,nitk
data/processed/nitk/right_349_1_.jpg,right,nitk
data/processed/nitk/right_418_1_.jpg,right,nitk
data/processed/nitk/right_892a.jpg,right,nitk
data/processed/nitk/right_913a (2).jpg,right,nitk
data/processed/nitk/right_312a.jpg,right,nitk
data/processed/nitk/right_223o.jpg,right,nitk
data/processed/nitk/right_375_7_.jpg,right,nitk
data/processed/nitk/right_912a (2).jpg,right,nitk
data/processed/nitk/right_234_1_.jpg,right,nitk
data/processed/nitk/right_334_1_.jpg,right,nitk
data/processed/nitk/right_366o.jpg,right,nitk
data/processed/nitk/right_366_3_.jpg,right,nitk
data/processed/nitk/right_409o.jpg,right,nitk
data/processed/nitk/right_414_1_.jpg,right,nitk
data/processed/nitk/right_317_3_.jpg,right,nitk
data/processed/nitk/right_183_.jpg,right,nitk
data/processed/nitk/right_294__.jpg,right,nitk
data/processed/nitk/right_245_1_.jpg,right,nitk
data/processed/nitk/right_852a (2).jpg,right,nitk
data/processed/nitk/right_image_66.jpg,right,nitk
data/processed/nitk/right_231_2_.jpg,right,nitk
data/processed/nitk/right_544__.jpg,right,nitk
data/processed/nitk/right_304a.jpg,right,nitk
data/processed/nitk/right_754a.jpg,right,nitk
data/processed/nitk/right_238_1_.jpg,right,nitk
data/processed/nitk/right_379_7_.jpg,right,nitk
data/processed/nitk/right_241a.jpg,right,nitk
data/processed/nitk/right_421_4_.jpg,right,nitk
data/processed/nitk/right_67a.jpg,right,nitk
data/processed/nitk/right_996a.jpg,right,nitk
data/processed/nitk/right_279__ (2).jpg,right,nitk
data/processed/nitk/right_663.jpg,right,nitk
data/processed/nitk/right_88a.jpg,right,nitk
data/processed/nitk/right_262o.jpg,right,nitk
data/processed/nitk/right_642_.jpg,right,nitk
data/processed/nitk/right_353a.jpg,right,nitk
data/processed/nitk/right_226_1_.jpg,right,nitk
data/processed/nitk/right_273_2_.jpg,right,nitk
data/processed/nitk/right_147a.jpg,right,nitk
data/processed/nitk/right_426o.jpg,right,nitk
data/processed/nitk/right_1037a.jpg,right,nitk
data/processed/nitk/right_143_.jpg,right,nitk
data/processed/nitk/right_463_4_.jpg,right,nitk
data/processed/nitk/right_332_4_.jpg,right,nitk
data/processed/nitk/right_404_3_.jpg,right,nitk
data/processed/nitk/right_355_3_.jpg,right,nitk
data/processed/nitk/right_794a.jpg,right,nitk
data/processed/nitk/right_417_7_.jpg,right,nitk
data/processed/nitk/right_346_7_.jpg,right,nitk
data/processed/nitk/right_652.jpg,right,nitk
data/processed/nitk/right_474_7_.jpg,right,nitk
data/processed/nitk/right_325_7_.jpg,right,nitk
data/processed/nitk/right_image_2.jpg,right,nitk
data/processed/nitk/right_574_7_.jpg,right,nitk
data/processed/nitk/right_image_43.jpg,right,nitk
data/processed/nitk/right_114_.jpg,right,nitk
data/processed/nitk/right_164o.jpg,right,nitk
data/processed/nitk/right_435_1_.jpg,right,nitk
data/processed/nitk/right_image_94.jpg,right,nitk
data/processed/nitk/right_358_7_.jpg,right,nitk
data/processed/nitk/right_400_4_.jpg,right,nitk
data/processed/nitk/right_image_80.jpg,right,nitk
data/processed/nitk/right_210_2_.jpg,right,nitk
data/processed/nitk/right_319_1_.jpg,right,nitk
data/processed/nitk/right_448_1_.jpg,right,nitk
data/processed/nitk/right_310_2_.jpg,right,nitk
data/processed/nitk/right_393a.jpg,right,nitk
data/processed/nitk/right_682_.jpg,right,nitk
data/processed/nitk/right_106a.jpg,right,nitk
data/processed/nitk/right_268_1_.jpg,right,nitk
data/processed/nitk/right_361_2_.jpg,right,nitk
data/processed/nitk/right_368_1_.jpg,right,nitk
data/processed/nitk/right_320_4_.jpg,right,nitk
data/processed/nitk/right_471_4_.jpg,right,nitk
data/processed/nitk/right_281.jpg,right,nitk
data/processed/nitk/right_478_7_.jpg,right,nitk
data/processed/nitk/right_413a.jpg,right,nitk
data/processed/nitk/right_300__.jpg,right,nitk
data/processed/nitk/right_385a.jpg,right,nitk
data/processed/nitk/right_505_7_.jpg,right,nitk
data/processed/nitk/right_256.jpg,right,nitk
data/processed/nitk/right_242.jpg,right,nitk
data/processed/nitk/right_354_7_.jpg,right,nitk
data/processed/nitk/right_405_7_.jpg,right,nitk
data/processed/nitk/right_151a.jpg,right,nitk
data/processed/nitk/right_337_7_.jpg,right,nitk
data/processed/nitk/right_530__.jpg,right,nitk
data/processed/nitk/right_155_.jpg,right,nitk
data/processed/nitk/right_575o.jpg,right,nitk
data/processed/nitk/right_1021a.jpg,right,nitk
data/processed/nitk/right_575__.jpg,right,nitk
data/processed/nitk/right_427_1_.jpg,right,nitk
data/processed/nitk/right_376_1_.jpg,right,nitk
data/processed/nitk/right_917a.jpg,right,nitk
data/processed/nitk/right_297a.jpg,right,nitk
data/processed/nitk/right_588__.jpg,right,nitk
data/processed/nitk/right_302_2_.jpg,right,nitk
data/processed/nitk/right_349o.jpg,right,nitk
data/processed/nitk/right_359_3_.jpg,right,nitk
data/processed/nitk/right_408_3_.jpg,right,nitk
data/processed/nitk/right_278a.jpg,right,nitk
data/processed/nitk/right_782a.jpg,right,nitk
data/processed/nitk/right_447_4_.jpg,right,nitk
data/processed/nitk/right_357_2_.jpg,right,nitk
data/processed/nitk/right_99_.jpg,right,nitk
data/processed/nitk/right_72a.jpg,right,nitk
data/processed/nitk/right_257_2_.jpg,right,nitk
data/processed/nitk/right_203a.jpg,right,nitk
data/processed/nitk/right_223_1_.jpg,right,nitk
data/processed/nitk/right_346a.jpg,right,nitk
data/processed/nitk/right_371_3_.jpg,right,nitk
data/processed/nitk/right_349_2_.jpg,right,nitk
data/processed/nitk/right_240_1_.jpg,right,nitk
data/processed/nitk/right_559o.jpg,right,nitk
data/processed/nitk/right_308_4_.jpg,right,nitk
data/processed/nitk/right_301_7_.jpg,right,nitk
data/processed/nitk/right_25a.jpg,right,nitk
data/processed/nitk/right_514__.jpg,right,nitk
data/processed/nitk/right_280.jpg,right,nitk
data/processed/nitk/right_948a (2).jpg,right,nitk
data/processed/nitk/right_375_4_.jpg,right,nitk
data/processed/nitk/right_220o.jpg,right,nitk
data/processed/nitk/right_184a.jpg,right,nitk
data/processed/nitk/right_304_4_.jpg,right,nitk
data/processed/nitk/right_868a.jpg,right,nitk
data/processed/nitk/right_image_81.jpg,right,nitk
data/processed/nitk/right_245_2_.jpg,right,nitk
data/processed/nitk/right_image_95.jpg,right,nitk
data/processed/nitk/right_345_2_.jpg,right,nitk
data/processed/nitk/right_180_.jpg,right,nitk
data/processed/nitk/right_379_4_.jpg,right,nitk
data/processed/nitk/right_242a.jpg,right,nitk
data/processed/nitk/right_521_7_.jpg,right,nitk
data/processed/nitk/right_307a.jpg,right,nitk
data/processed/nitk/right_460_1_.jpg,right,nitk
data/processed/nitk/right_image_42.jpg,right,nitk
data/processed/nitk/right_image_56.jpg,right,nitk
data/processed/nitk/right_image_3.jpg,right,nitk
data/processed/nitk/right_338_2_.jpg,right,nitk
data/processed/nitk/right_403_1_.jpg,right,nitk
data/processed/nitk/right_252_1_.jpg,right,nitk
data/processed/nitk/right_138_.jpg,right,nitk
data/processed/nitk/right_429a.jpg,right,nitk
data/processed/nitk/right_518o.jpg,right,nitk
data/processed/nitk/right_647.jpg,right,nitk
data/processed/nitk/right_313_7_.jpg,right,nitk
data/processed/nitk/right_900a (2).jpg,right,nitk
data/processed/nitk/right_995a.jpg,right,nitk
data/processed/nitk/right_226_2_.jpg,right,nitk
data/processed/nitk/right_324o.jpg,right,nitk
data/processed/nitk/right_367_4_.jpg,right,nitk
data/processed/nitk/right_436_4_.jpg,right,nitk
data/processed/nitk/right_216o.jpg,right,nitk
data/processed/nitk/right_327a.jpg,right,nitk
data/processed/nitk/right_848a.jpg,right,nitk
data/processed/nitk/right_385_1_.jpg,right,nitk
data/processed/nitk/right_241o.jpg,right,nitk
data/processed/nitk/right_370a.jpg,right,nitk
data/processed/nitk/right_image_54.jpg,right,nitk
data/processed/nitk/right_235a.jpg,right,nitk
data/processed/nitk/right_image_68.jpg,right,nitk
data/processed/nitk/right_image_83.jpg,right,nitk
data/processed/nitk/right_187o.jpg,right,nitk
data/processed/nitk/right_image_97.jpg,right,nitk
data/processed/nitk/right_482_4_.jpg,right,nitk
data/processed/nitk/right_492o.jpg,right,nitk
data/processed/nitk/right_392_2_.jpg,right,nitk
data/processed/nitk/right_538o.jpg,right,nitk
data/processed/nitk/right_677_.jpg,right,nitk
data/processed/nitk/right_366a.jpg,right,nitk
data/processed/nitk/right_257o.jpg,right,nitk
data/processed/nitk/right_282.jpg,right,nitk
data/processed/nitk/right_698_.jpg,right,nitk
data/processed/nitk/right_809a.jpg,right,nitk
data/processed/nitk/right_397_1_.jpg,right,nitk
data/processed/nitk/right_191o.jpg,right,nitk
data/processed/nitk/right_761a.jpg,right,nitk
data/processed/nitk/right_331a.jpg,right,nitk
data/processed/nitk/right_200o.jpg,right,nitk
data/processed/nitk/right_553__.jpg,right,nitk
data/processed/nitk/right_274a.jpg,right,nitk
data/processed/nitk/right_345o.jpg,right,nitk
data/processed/nitk/right_490_4_.jpg,right,nitk
data/processed/nitk/right_875a (2).jpg,right,nitk
data/processed/nitk/right_289_1_.jpg,right,nitk
data/processed/nitk/right_283__.jpg,right,nitk
data/processed/nitk/right_380_2_.jpg,right,nitk
data/processed/nitk/right_874a (2).jpg,right,nitk
data/processed/nitk/right_280_2_.jpg,right,nitk
data/processed/nitk/right_579o.jpg,right,nitk
data/processed/nitk/right_159_.jpg,right,nitk
data/processed/nitk/right_294o.jpg,right,nitk
data/processed/nitk/right_294_4_.jpg,right,nitk
data/processed/nitk/right_302__.jpg,right,nitk
data/processed/nitk/right_960a.jpg,right,nitk
data/processed/nitk/right_91a.jpg,right,nitk
data/processed/nitk/right_122_.jpg,right,nitk
data/processed/nitk/right_502o.jpg,right,nitk
data/processed/nitk/right_126a.jpg,right,nitk
data/processed/nitk/right_254.jpg,right,nitk
data/processed/nitk/right_369o.jpg,right,nitk
data/processed/nitk/right_268.jpg,right,nitk
data/processed/nitk/right_386o.jpg,right,nitk
data/processed/nitk/right_383_7_.jpg,right,nitk
data/processed/nitk/right_175_.jpg,right,nitk
data/processed/nitk/right_555o.jpg,right,nitk
data/processed/nitk/right_577__.jpg,right,nitk
data/processed/nitk/right_283.jpg,right,nitk
data/processed/nitk/right_410o.jpg,right,nitk
data/processed/nitk/right_171a.jpg,right,nitk
data/processed/nitk/right_286_4_.jpg,right,nitk
data/processed/nitk/right_386_4_.jpg,right,nitk
data/processed/nitk/right_390o.jpg,right,nitk
data/processed/nitk/right_image_69.jpg,right,nitk
data/processed/nitk/right_188a.jpg,right,nitk
data/processed/nitk/right_image_0.jpg,right,nitk
data/processed/nitk/right_image_55.jpg,right,nitk
data/processed/nitk/right_406o.jpg,right,nitk
data/processed/nitk/right_image_41.jpg,right,nitk
data/processed/nitk/right_864a.jpg,right,nitk
data/processed/nitk/right_650.jpg,right,nitk
data/processed/nitk/right_391_7_.jpg,right,nitk
data/processed/nitk/right_134_.jpg,right,nitk
data/processed/nitk/right_144o.jpg,right,nitk
data/processed/nitk/right_68a.jpg,right,nitk
data/processed/nitk/right_833a.jpg,right,nitk
data/processed/nitk/right_130a.jpg,right,nitk
data/processed/nitk/right_135_.jpg,right,nitk
data/processed/nitk/right_424a.jpg,right,nitk
data/processed/nitk/right_145o.jpg,right,nitk
data/processed/nitk/right_2a.jpg,right,nitk
data/processed/nitk/right_977a.jpg,right,nitk
data/processed/nitk/right_86a.jpg,right,nitk
data/processed/nitk/right_832a.jpg,right,nitk
data/processed/nitk/right_131a.jpg,right,nitk
data/processed/nitk/right_654.jpg,right,nitk
data/processed/nitk/right_382_2_.jpg,right,nitk
data/processed/nitk/right_218a.jpg,right,nitk
data/processed/nitk/right_492_4_.jpg,right,nitk
data/processed/nitk/right_929a (2).jpg,right,nitk
data/processed/nitk/right_920a.jpg,right,nitk
data/processed/nitk/right_image_79.jpg,right,nitk
data/processed/nitk/right_189a.jpg,right,nitk
data/processed/nitk/right_image_45.jpg,right,nitk
data/processed/nitk/right_407o.jpg,right,nitk
data/processed/nitk/right_image_51.jpg,right,nitk
data/processed/nitk/right_image_4.jpg,right,nitk
data/processed/nitk/right_485_7_.jpg,right,nitk
data/processed/nitk/right_295_1_.jpg,right,nitk
data/processed/nitk/right_306__.jpg,right,nitk
data/processed/nitk/right_image_86.jpg,right,nitk
data/processed/nitk/right_image_92.jpg,right,nitk
data/processed/nitk/right_395_1_.jpg,right,nitk
data/processed/nitk/right_391o.jpg,right,nitk
data/processed/nitk/right_174_.jpg,right,nitk
data/processed/nitk/right_873a.jpg,right,nitk
data/processed/nitk/right_290_2_.jpg,right,nitk
data/processed/nitk/right_390_2_.jpg,right,nitk
data/processed/nitk/right_278.jpg,right,nitk
data/processed/nitk/right_489_7_.jpg,right,nitk
data/processed/nitk/right_480_4_.jpg,right,nitk
data/processed/nitk/right_961a.jpg,right,nitk
data/processed/nitk/right_153o.jpg,right,nitk
data/processed/nitk/right_503o.jpg,right,nitk
data/processed/nitk/right_432a.jpg,right,nitk
data/processed/nitk/right_127a.jpg,right,nitk
data/processed/nitk/right_446o.jpg,right,nitk
data/processed/nitk/right_824a.jpg,right,nitk
data/processed/nitk/right_497_7_.jpg,right,nitk
data/processed/nitk/right_387_1_.jpg,right,nitk
data/processed/nitk/right_263__.jpg,right,nitk
data/processed/nitk/right_917a (2).jpg,right,nitk
data/processed/nitk/right_293_7_.jpg,right,nitk
data/processed/nitk/right_916a (2).jpg,right,nitk
data/processed/nitk/right_158_.jpg,right,nitk
data/processed/nitk/right_760a.jpg,right,nitk
data/processed/nitk/right_344o.jpg,right,nitk
data/processed/nitk/right_190o.jpg,right,nitk
data/processed/nitk/right_251.jpg,right,nitk
data/processed/nitk/right_384_4_.jpg,right,nitk
data/processed/nitk/right_256o.jpg,right,nitk
data/processed/nitk/right_367a.jpg,right,nitk
data/processed/nitk/right_313o.jpg,right,nitk
data/processed/nitk/right_222a.jpg,right,nitk
data/processed/nitk/right_286.jpg,right,nitk
data/processed/nitk/right_image_93.jpg,right,nitk
data/processed/nitk/right_388_4_.jpg,right,nitk
data/processed/nitk/right_image_87.jpg,right,nitk
data/processed/nitk/right_292_3_.jpg,right,nitk
data/processed/nitk/right_287__.jpg,right,nitk
data/processed/nitk/right_392_3_.jpg,right,nitk
data/processed/nitk/right_493o.jpg,right,nitk
data/processed/nitk/right_539o.jpg,right,nitk
data/processed/nitk/right_image_50.jpg,right,nitk
data/processed/nitk/right_371a.jpg,right,nitk
data/processed/nitk/right_660_.jpg,right,nitk
data/processed/nitk/right_240o.jpg,right,nitk
data/processed/nitk/right_image_44.jpg,right,nitk
data/processed/nitk/right_512__.jpg,right,nitk
data/processed/nitk/right_557__.jpg,right,nitk
data/processed/nitk/right_234a.jpg,right,nitk
data/processed/nitk/right_image_78.jpg,right,nitk
data/processed/nitk/right_12a.jpg,right,nitk
data/processed/nitk/right_641.jpg,right,nitk
data/processed/nitk/right_326a.jpg,right,nitk
data/processed/nitk/right_637_.jpg,right,nitk
data/processed/nitk/right_217o.jpg,right,nitk
data/processed/nitk/right_776a.jpg,right,nitk
data/processed/nitk/right_263a.jpg,right,nitk
data/processed/nitk/right_857a (2).jpg,right,nitk
data/processed/nitk/right_555__.jpg,right,nitk
data/processed/nitk/right_425_1_.jpg,right,nitk
data/processed/nitk/right_640_.jpg,right,nitk
data/processed/nitk/right_260o.jpg,right,nitk
data/processed/nitk/right_285__.jpg,right,nitk
data/processed/nitk/right_149o.jpg,right,nitk
data/processed/nitk/right_863a (2).jpg,right,nitk
data/processed/nitk/right_309_1_.jpg,right,nitk
data/processed/nitk/right_139_.jpg,right,nitk
data/processed/nitk/right_428a.jpg,right,nitk
data/processed/nitk/right_410_4_.jpg,right,nitk
data/processed/nitk/right_348_7_.jpg,right,nitk
data/processed/nitk/right_419_7_.jpg,right,nitk
data/processed/nitk/right_473_4_.jpg,right,nitk
data/processed/nitk/right_263_2_.jpg,right,nitk
data/processed/nitk/right_185a.jpg,right,nitk
data/processed/nitk/right_507_7_.jpg,right,nitk
data/processed/nitk/right_886a.jpg,right,nitk
data/processed/nitk/right_356_7_.jpg,right,nitk
data/processed/nitk/right_407_7_.jpg,right,nitk
data/processed/nitk/right_869a.jpg,right,nitk
data/processed/nitk/right_image_85.jpg,right,nitk
data/processed/nitk/right_345_3_.jpg,right,nitk
data/processed/nitk/right_446_1_.jpg,right,nitk
data/processed/nitk/right_317_1_.jpg,right,nitk
data/processed/nitk/right_290.jpg,right,nitk
data/processed/nitk/right_334_3_.jpg,right,nitk
data/processed/nitk/right_364o.jpg,right,nitk
data/processed/nitk/right_255a.jpg,right,nitk
data/processed/nitk/right_437_1_.jpg,right,nitk
data/processed/nitk/right_266_1_.jpg,right,nitk
data/processed/nitk/right_327_7_.jpg,right,nitk
data/processed/nitk/right_253.jpg,right,nitk
data/processed/nitk/right_212_2_.jpg,right,nitk
data/processed/nitk/right_418_3_.jpg,right,nitk
data/processed/nitk/right_349_3_.jpg,right,nitk
data/processed/nitk/right_558o.jpg,right,nitk
data/processed/nitk/right_312_2_.jpg,right,nitk
data/processed/nitk/right_247.jpg,right,nitk
data/processed/nitk/right_193a.jpg,right,nitk
data/processed/nitk/right_402_4_.jpg,right,nitk
data/processed/nitk/right_353_4_.jpg,right,nitk
data/processed/nitk/right_339_7_.jpg,right,nitk
data/processed/nitk/right_202a.jpg,right,nitk
data/processed/nitk/right_568_7_.jpg,right,nitk
data/processed/nitk/right_461_4_.jpg,right,nitk
data/processed/nitk/right_271_2_.jpg,right,nitk
data/processed/nitk/right_276o.jpg,right,nitk
data/processed/nitk/right_656_.jpg,right,nitk
data/processed/nitk/right_415_7_.jpg,right,nitk
data/processed/nitk/right_98_.jpg,right,nitk
data/processed/nitk/right_357_3_.jpg,right,nitk
data/processed/nitk/right_305_1_.jpg,right,nitk
data/processed/nitk/right_73a.jpg,right,nitk
data/processed/nitk/right_454_1_.jpg,right,nitk
data/processed/nitk/right_828a.jpg,right,nitk
data/processed/nitk/right_311_7_.jpg,right,nitk
data/processed/nitk/right_318_4_.jpg,right,nitk
data/processed/nitk/right_449_4_.jpg,right,nitk
data/processed/nitk/right_401_1_.jpg,right,nitk
data/processed/nitk/right_350_1_.jpg,right,nitk
data/processed/nitk/right_302_3_.jpg,right,nitk
data/processed/nitk/right_259_2_.jpg,right,nitk
data/processed/nitk/right_348o.jpg,right,nitk
data/processed/nitk/right_359_2_.jpg,right,nitk
data/processed/nitk/right_783a.jpg,right,nitk
data/processed/nitk/right_250_1_.jpg,right,nitk
data/processed/nitk/right_431o.jpg,right,nitk
data/processed/nitk/right_365_4_.jpg,right,nitk
data/processed/nitk/right_434_4_.jpg,right,nitk
data/processed/nitk/right_445a.jpg,right,nitk
data/processed/nitk/right_324_2_.jpg,right,nitk
data/processed/nitk/right_916a.jpg,right,nitk
data/processed/nitk/right_347_2_.jpg,right,nitk
data/processed/nitk/right_509__.jpg,right,nitk
data/processed/nitk/right_306_4_.jpg,right,nitk
data/processed/nitk/right_457_4_.jpg,right,nitk
data/processed/nitk/right_252.jpg,right,nitk
data/processed/nitk/right_107a.jpg,right,nitk
data/processed/nitk/right_462_1_.jpg,right,nitk
data/processed/nitk/right_333_1_.jpg,right,nitk
data/processed/nitk/right_430_3_.jpg,right,nitk
data/processed/nitk/right_372_7_.jpg,right,nitk
data/processed/nitk/right_423_7_.jpg,right,nitk
data/processed/nitk/right_173o.jpg,right,nitk
data/processed/nitk/right_489o.jpg,right,nitk
data/processed/nitk/right_image_84.jpg,right,nitk
data/processed/nitk/right_303_7_.jpg,right,nitk
data/processed/nitk/right_image_90.jpg,right,nitk
data/processed/nitk/right_242_1_.jpg,right,nitk
data/processed/nitk/right_309o.jpg,right,nitk
data/processed/nitk/right_238a.jpg,right,nitk
data/processed/nitk/right_392a.jpg,right,nitk
data/processed/nitk/right_683_.jpg,right,nitk
data/processed/nitk/right_812a.jpg,right,nitk
data/processed/nitk/right_470o.jpg,right,nitk
data/processed/nitk/right_111a.jpg,right,nitk
data/processed/nitk/right_534__.jpg,right,nitk
data/processed/nitk/right_115_.jpg,right,nitk
data/processed/nitk/right_404a.jpg,right,nitk
data/processed/nitk/right_571__.jpg,right,nitk
data/processed/nitk/right_165o.jpg,right,nitk
data/processed/nitk/right_236_2_.jpg,right,nitk
data/processed/nitk/right_957a.jpg,right,nitk
data/processed/nitk/right_355_2_.jpg,right,nitk
data/processed/nitk/right_280a.jpg,right,nitk
data/processed/nitk/right_445_4_.jpg,right,nitk
data/processed/nitk/right_795a.jpg,right,nitk
data/processed/nitk/right_656.jpg,right,nitk
data/processed/nitk/right_328_2_.jpg,right,nitk
data/processed/nitk/right_427o.jpg,right,nitk
data/processed/nitk/right_321_1_.jpg,right,nitk
data/processed/nitk/right_900a.jpg,right,nitk
data/processed/nitk/right_438_4_.jpg,right,nitk
data/processed/nitk/right_1036a.jpg,right,nitk
data/processed/nitk/right_562o.jpg,right,nitk
data/processed/nitk/right_210o.jpg,right,nitk
data/processed/nitk/right_321a.jpg,right,nitk
data/processed/nitk/right_630_.jpg,right,nitk
data/processed/nitk/right_771a.jpg,right,nitk
data/processed/nitk/right_552__.jpg,right,nitk
data/processed/nitk/right_355o.jpg,right,nitk
data/processed/nitk/right_264a.jpg,right,nitk
data/processed/nitk/right_517__.jpg,right,nitk
data/processed/nitk/right_625.jpg,right,nitk
data/processed/nitk/right_569o.jpg,right,nitk
data/processed/nitk/right_396_3_.jpg,right,nitk
data/processed/nitk/right_827a (2).jpg,right,nitk
data/processed/nitk/right_376a.jpg,right,nitk
data/processed/nitk/right_667_.jpg,right,nitk
data/processed/nitk/right_image_20.jpg,right,nitk
data/processed/nitk/right_399a.jpg,right,nitk
data/processed/nitk/right_688_.jpg,right,nitk
data/processed/nitk/right_302o.jpg,right,nitk
data/processed/nitk/right_288_3_.jpg,right,nitk
data/processed/nitk/right_392_4_.jpg,right,nitk
data/processed/nitk/right_427.jpg,right,nitk
data/processed/nitk/right_433.jpg,right,nitk
data/processed/nitk/right_671_.jpg,right,nitk
data/processed/nitk/right_360a.jpg,right,nitk
data/processed/nitk/right_314o.jpg,right,nitk
data/processed/nitk/right_197o.jpg,right,nitk
data/processed/nitk/right_384_3_.jpg,right,nitk
data/processed/nitk/right_419a.jpg,right,nitk
data/processed/nitk/right_108_.jpg,right,nitk
data/processed/nitk/right_178o.jpg,right,nitk
data/processed/nitk/right_767a.jpg,right,nitk
data/processed/nitk/right_337a.jpg,right,nitk
data/processed/nitk/right_272a.jpg,right,nitk
data/processed/nitk/right_788a.jpg,right,nitk
data/processed/nitk/right_858a.jpg,right,nitk
data/processed/nitk/right_242__.jpg,right,nitk
data/processed/nitk/right_380_4_.jpg,right,nitk
data/processed/nitk/right_819a (2).jpg,right,nitk
data/processed/nitk/right_338o.jpg,right,nitk
data/processed/nitk/right_484_4_.jpg,right,nitk
data/processed/nitk/right_1050a.jpg,right,nitk
data/processed/nitk/right_154o.jpg,right,nitk
data/processed/nitk/right_435a.jpg,right,nitk
data/processed/nitk/right_966a.jpg,right,nitk
data/processed/nitk/right_78a.jpg,right,nitk
data/processed/nitk/right_441o.jpg,right,nitk
data/processed/nitk/right_911a (2).jpg,right,nitk
data/processed/nitk/right_383_1_.jpg,right,nitk
data/processed/nitk/right_283_1_.jpg,right,nitk
data/processed/nitk/right_553o.jpg,right,nitk
data/processed/nitk/right_1007a.jpg,right,nitk
data/processed/nitk/right_416o.jpg,right,nitk
data/processed/nitk/right_177a.jpg,right,nitk
data/processed/nitk/right_874a.jpg,right,nitk
data/processed/nitk/right_270__ (2).jpg,right,nitk
data/processed/nitk/right_286_2_.jpg,right,nitk
data/processed/nitk/right_426.jpg,right,nitk
data/processed/nitk/right_396o.jpg,right,nitk
data/processed/nitk/right_533__.jpg,right,nitk
data/processed/nitk/right_image_21.jpg,right,nitk
data/processed/nitk/right_862a.jpg,right,nitk
data/processed/nitk/right_161a.jpg,right,nitk
data/processed/nitk/right_850a (2).jpg,right,nitk
data/processed/nitk/right_284o.jpg,right,nitk
data/processed/nitk/right_624.jpg,right,nitk
data/processed/nitk/right_291_1_.jpg,right,nitk
data/processed/nitk/right_5a.jpg,right,nitk
data/processed/nitk/right_512o.jpg,right,nitk
data/processed/nitk/right_1046a.jpg,right,nitk
data/processed/nitk/right_136a.jpg,right,nitk
data/processed/nitk/right_422_4_.jpg,right,nitk
data/processed/nitk/right_19a.jpg,right,nitk
data/processed/nitk/right_420o.jpg,right,nitk
data/processed/nitk/right_259__.jpg,right,nitk
data/processed/nitk/right_332_2_.jpg,right,nitk
data/processed/nitk/right_565o.jpg,right,nitk
data/processed/nitk/right_145_.jpg,right,nitk
data/processed/nitk/right_369_3_.jpg,right,nitk
data/processed/nitk/right_632.jpg,right,nitk
data/processed/nitk/right_268a.jpg,right,nitk
data/processed/nitk/right_417_1_.jpg,right,nitk
data/processed/nitk/right_314_3_.jpg,right,nitk
data/processed/nitk/right_626.jpg,right,nitk
data/processed/nitk/right_792a.jpg,right,nitk
data/processed/nitk/right_225_1_.jpg,right,nitk
data/processed/nitk/right_image_23.jpg,right,nitk
data/processed/nitk/right_image_37.jpg,right,nitk
data/processed/nitk/right_325_1_.jpg,right,nitk
data/processed/nitk/right_377_3_.jpg,right,nitk
data/processed/nitk/right_426_3_.jpg,right,nitk
data/processed/nitk/right_950a.jpg,right,nitk
data/processed/nitk/right_112_.jpg,right,nitk
data/processed/nitk/right_403a.jpg,right,nitk
data/processed/nitk/right_364_7_.jpg,right,nitk
data/processed/nitk/right_162o.jpg,right,nitk
data/processed/nitk/right_498o.jpg,right,nitk
data/processed/nitk/right_1066a.jpg,right,nitk
data/processed/nitk/right_865a (2).jpg,right,nitk
data/processed/nitk/right_258_1_.jpg,right,nitk
data/processed/nitk/right_409_1_.jpg,right,nitk
data/processed/nitk/right_251_2_.jpg,right,nitk
data/processed/nitk/right_864a (2).jpg,right,nitk
data/processed/nitk/right_310_4_.jpg,right,nitk
data/processed/nitk/right_395a.jpg,right,nitk
data/processed/nitk/right_684_.jpg,right,nitk
data/processed/nitk/right_430.jpg,right,nitk
data/processed/nitk/right_424.jpg,right,nitk
data/processed/nitk/right_319_7_.jpg,right,nitk
data/processed/nitk/right_368_7_.jpg,right,nitk
data/processed/nitk/right_100a.jpg,right,nitk
data/processed/nitk/right_430_4_.jpg,right,nitk
data/processed/nitk/right_361_4_.jpg,right,nitk
data/processed/nitk/right_329_1_.jpg,right,nitk
data/processed/nitk/right_1070a.jpg,right,nitk
data/processed/nitk/right_220_2_.jpg,right,nitk
data/processed/nitk/right_174o.jpg,right,nitk
data/processed/nitk/right_415a.jpg,right,nitk
data/processed/nitk/right_524o.jpg,right,nitk
data/processed/nitk/right_229_1_.jpg,right,nitk
data/processed/nitk/right_315_7_.jpg,right,nitk
data/processed/nitk/right_405_1_.jpg,right,nitk
data/processed/nitk/right_306_3_.jpg,right,nitk
data/processed/nitk/right_692_.jpg,right,nitk
data/processed/nitk/right_318o.jpg,right,nitk
data/processed/nitk/right_436o.jpg,right,nitk
data/processed/nitk/right_466_1_.jpg,right,nitk
data/processed/nitk/right_157a.jpg,right,nitk
data/processed/nitk/right_237_1_.jpg,right,nitk
data/processed/nitk/right_376_7_.jpg,right,nitk
data/processed/nitk/right_442a.jpg,right,nitk
data/processed/nitk/right_573o.jpg,right,nitk
data/processed/nitk/right_1027a.jpg,right,nitk
data/processed/nitk/right_318_3_.jpg,right,nitk
data/processed/nitk/right_264__.jpg,right,nitk
data/processed/nitk/right_302_4_.jpg,right,nitk
data/processed/nitk/right_216_2_.jpg,right,nitk
data/processed/nitk/right_508o.jpg,right,nitk
data/processed/nitk/right_128_.jpg,right,nitk
data/processed/nitk/right_158o.jpg,right,nitk
data/processed/nitk/right_985a.jpg,right,nitk
data/processed/nitk/right_74a.jpg,right,nitk
data/processed/nitk/right_357_4_.jpg,right,nitk
data/processed/nitk/right_205a.jpg,right,nitk
data/processed/nitk/right_330_3_.jpg,right,nitk
data/processed/nitk/right_433_1_.jpg,right,nitk
data/processed/nitk/right_362_1_.jpg,right,nitk
data/processed/nitk/right_262_1_.jpg,right,nitk
data/processed/nitk/right_323_7_.jpg,right,nitk
data/processed/nitk/right_472_7_.jpg,right,nitk
data/processed/nitk/right_572_7_.jpg,right,nitk
data/processed/nitk/right_528__.jpg,right,nitk
data/processed/nitk/right_269__ (2).jpg,right,nitk
data/processed/nitk/right_194a.jpg,right,nitk
data/processed/nitk/right_411_7_.jpg,right,nitk
data/processed/nitk/right_511_7_.jpg,right,nitk
data/processed/nitk/right_418_4_.jpg,right,nitk
data/processed/nitk/right_878a.jpg,right,nitk
data/processed/nitk/right_208_2_.jpg,right,nitk
data/processed/nitk/right_450_1_.jpg,right,nitk
data/processed/nitk/right_301_1_.jpg,right,nitk
data/processed/nitk/right_23a.jpg,right,nitk
data/processed/nitk/right_240__.jpg,right,nitk
data/processed/nitk/right_363o.jpg,right,nitk
data/processed/nitk/right_465_4_.jpg,right,nitk
data/processed/nitk/right_275_2_.jpg,right,nitk
data/processed/nitk/right_375_2_.jpg,right,nitk
data/processed/nitk/right_280__.jpg,right,nitk
data/processed/nitk/right_304_2_.jpg,right,nitk
data/processed/nitk/right_425.jpg,right,nitk
data/processed/nitk/right_204_2_.jpg,right,nitk
data/processed/nitk/right_169_.jpg,right,nitk
data/processed/nitk/right_182a.jpg,right,nitk
data/processed/nitk/right_881a (2).jpg,right,nitk
data/processed/nitk/right_431.jpg,right,nitk
data/processed/nitk/right_375o.jpg,right,nitk
data/processed/nitk/right_322_3_.jpg,right,nitk
data/processed/nitk/right_421_1_.jpg,right,nitk
data/processed/nitk/right_338_4_.jpg,right,nitk
data/processed/nitk/right_301a.jpg,right,nitk
data/processed/nitk/right_403_7_.jpg,right,nitk
data/processed/nitk/right_839a.jpg,right,nitk
data/processed/nitk/right_410_3_.jpg,right,nitk
data/processed/nitk/right_313_1_.jpg,right,nitk
data/processed/nitk/right_477_4_.jpg,right,nitk
data/processed/nitk/right_326_4_.jpg,right,nitk
data/processed/nitk/right_322o.jpg,right,nitk
data/processed/nitk/right_267o.jpg,right,nitk
data/processed/nitk/right_356a.jpg,right,nitk
data/processed/nitk/right_647_.jpg,right,nitk
data/processed/nitk/right_374_7_.jpg,right,nitk
data/processed/nitk/right_212a.jpg,right,nitk
data/processed/nitk/right_335_1_.jpg,right,nitk
data/processed/nitk/right_357a.jpg,right,nitk
data/processed/nitk/right_266o.jpg,right,nitk
data/processed/nitk/right_309_7_.jpg,right,nitk
data/processed/nitk/right_451_4_.jpg,right,nitk
data/processed/nitk/right_300_4_.jpg,right,nitk
data/processed/nitk/right_838a.jpg,right,nitk
data/processed/nitk/right_419_1_.jpg,right,nitk
data/processed/nitk/right_241_2_.jpg,right,nitk
data/processed/nitk/right_992a.jpg,right,nitk
data/processed/nitk/right_248_1_.jpg,right,nitk
data/processed/nitk/right_245a.jpg,right,nitk
data/processed/nitk/right_222_2_.jpg,right,nitk
data/processed/nitk/right_374o.jpg,right,nitk
data/processed/nitk/right_878a (2).jpg,right,nitk
data/processed/nitk/right_300a.jpg,right,nitk
data/processed/nitk/right_231o.jpg,right,nitk
data/processed/nitk/right_879a (2).jpg,right,nitk
data/processed/nitk/right_363_4_.jpg,right,nitk
data/processed/nitk/right_image_32.jpg,right,nitk
data/processed/nitk/right_356_1_.jpg,right,nitk
data/processed/nitk/right_407_1_.jpg,right,nitk
data/processed/nitk/right_304_3_.jpg,right,nitk
data/processed/nitk/right_183a.jpg,right,nitk
data/processed/nitk/right_227o.jpg,right,nitk
data/processed/nitk/right_195a.jpg,right,nitk
data/processed/nitk/right_443_4_.jpg,right,nitk
data/processed/nitk/right_554__.jpg,right,nitk
data/processed/nitk/right_204a.jpg,right,nitk
data/processed/nitk/right_511__.jpg,right,nitk
data/processed/nitk/right_339_1_.jpg,right,nitk
data/processed/nitk/right_230_2_.jpg,right,nitk
data/processed/nitk/right_420_4_.jpg,right,nitk
data/processed/nitk/right_650_.jpg,right,nitk
data/processed/nitk/right_279__.jpg,right,nitk
data/processed/nitk/right_284__.jpg,right,nitk
data/processed/nitk/right_244_1_.jpg,right,nitk
data/processed/nitk/right_438a.jpg,right,nitk
data/processed/nitk/right_415_1_.jpg,right,nitk
data/processed/nitk/right_159o.jpg,right,nitk
data/processed/nitk/right_344_1_.jpg,right,nitk
data/processed/nitk/right_305_7_.jpg,right,nitk
data/processed/nitk/right_75a.jpg,right,nitk
data/processed/nitk/right_305__.jpg,right,nitk
data/processed/nitk/right_318_2_.jpg,right,nitk
data/processed/nitk/right_218_2_.jpg,right,nitk
data/processed/nitk/right_412_3_.jpg,right,nitk
data/processed/nitk/right_343_3_.jpg,right,nitk
data/processed/nitk/right_501_7_.jpg,right,nitk
data/processed/nitk/right_785a.jpg,right,nitk
data/processed/nitk/right_408_4_.jpg,right,nitk
data/processed/nitk/right_359_4_.jpg,right,nitk
data/processed/nitk/right_437o.jpg,right,nitk
data/processed/nitk/right_365_2_.jpg,right,nitk
data/processed/nitk/right_265_2_.jpg,right,nitk
data/processed/nitk/right_855a.jpg,right,nitk
data/processed/nitk/right_324_4_.jpg,right,nitk
data/processed/nitk/right_572o.jpg,right,nitk
data/processed/nitk/right_382a.jpg,right,nitk
data/processed/nitk/right_228a.jpg,right,nitk
data/processed/nitk/right_319o.jpg,right,nitk
data/processed/nitk/right_802a.jpg,right,nitk
data/processed/nitk/right_846a (2).jpg,right,nitk
data/processed/nitk/right_847a (2).jpg,right,nitk
data/processed/nitk/right_272_1_.jpg,right,nitk
data/processed/nitk/right_570__.jpg,right,nitk
data/processed/nitk/right_1071a.jpg,right,nitk
data/processed/nitk/right_175o.jpg,right,nitk
data/processed/nitk/right_535__.jpg,right,nitk
data/processed/nitk/right_414a.jpg,right,nitk
data/processed/nitk/right_105_.jpg,right,nitk
data/processed/nitk/right_372_1_.jpg,right,nitk
data/processed/nitk/right_423_1_.jpg,right,nitk
data/processed/nitk/right_351_3_.jpg,right,nitk
data/processed/nitk/right_452_1_.jpg,right,nitk
data/processed/nitk/right_260__.jpg,right,nitk
data/processed/nitk/right_408.jpg,right,nitk
data/processed/nitk/right_907a (2).jpg,right,nitk
data/processed/nitk/right_413_7_.jpg,right,nitk
data/processed/nitk/right_434.jpg,right,nitk
data/processed/nitk/right_906a (2).jpg,right,nitk
data/processed/nitk/right_277_2_.jpg,right,nitk
data/processed/nitk/right_image_33.jpg,right,nitk
data/processed/nitk/right_117a.jpg,right,nitk
data/processed/nitk/right_image_27.jpg,right,nitk
data/processed/nitk/right_377_2_.jpg,right,nitk
data/processed/nitk/right_814a.jpg,right,nitk
data/processed/nitk/right_402a.jpg,right,nitk
data/processed/nitk/right_336_4_.jpg,right,nitk
data/processed/nitk/right_355_4_.jpg,right,nitk
data/processed/nitk/right_404_4_.jpg,right,nitk
data/processed/nitk/right_622.jpg,right,nitk
data/processed/nitk/right_214_2_.jpg,right,nitk
data/processed/nitk/right_358o.jpg,right,nitk
data/processed/nitk/right_314_2_.jpg,right,nitk
data/processed/nitk/right_321_7_.jpg,right,nitk
data/processed/nitk/right_470_7_.jpg,right,nitk
data/processed/nitk/right_140a.jpg,right,nitk
data/processed/nitk/right_328_4_.jpg,right,nitk
data/processed/nitk/right_1030a.jpg,right,nitk
data/processed/nitk/right_332_3_.jpg,right,nitk
data/processed/nitk/right_360_1_.jpg,right,nitk
data/processed/nitk/right_564o.jpg,right,nitk
data/processed/nitk/right_906a.jpg,right,nitk
data/processed/nitk/right_133_.jpg,right,nitk
data/processed/nitk/right_143o.jpg,right,nitk
data/processed/nitk/right_1047a.jpg,right,nitk
data/processed/nitk/right_456o.jpg,right,nitk
data/processed/nitk/right_137a.jpg,right,nitk
data/processed/nitk/right_285o.jpg,right,nitk
data/processed/nitk/right_620.jpg,right,nitk
data/processed/nitk/right_634.jpg,right,nitk
data/processed/nitk/right_398_3_.jpg,right,nitk
data/processed/nitk/right_298_3_.jpg,right,nitk
data/processed/nitk/right_262__.jpg,right,nitk
data/processed/nitk/right_164_.jpg,right,nitk
data/processed/nitk/right_544o.jpg,right,nitk
data/processed/nitk/right_933a (2).jpg,right,nitk
data/processed/nitk/right_926a.jpg,right,nitk
data/processed/nitk/right_image_19.jpg,right,nitk
data/processed/nitk/right_932a (2).jpg,right,nitk
data/processed/nitk/right_image_31.jpg,right,nitk
data/processed/nitk/right_160a.jpg,right,nitk
data/processed/nitk/right_401o.jpg,right,nitk
data/processed/nitk/right_422.jpg,right,nitk
data/processed/nitk/right_386_3_.jpg,right,nitk
data/processed/nitk/right_378o.jpg,right,nitk
data/processed/nitk/right_395_7_.jpg,right,nitk
data/processed/nitk/right_295_7_.jpg,right,nitk
data/processed/nitk/right_552o.jpg,right,nitk
data/processed/nitk/right_172_.jpg,right,nitk
data/processed/nitk/right_199a.jpg,right,nitk
data/processed/nitk/right_417o.jpg,right,nitk
data/processed/nitk/right_176a.jpg,right,nitk
data/processed/nitk/right_390_4_.jpg,right,nitk
data/processed/nitk/right_399_7_.jpg,right,nitk
data/processed/nitk/right_307__.jpg,right,nitk
data/processed/nitk/right_872a (2).jpg,right,nitk
data/processed/nitk/right_381o.jpg,right,nitk
data/processed/nitk/right_572__.jpg,right,nitk
data/processed/nitk/right_1051a.jpg,right,nitk
data/processed/nitk/right_155o.jpg,right,nitk
data/processed/nitk/right_537__.jpg,right,nitk
data/processed/nitk/right_505o.jpg,right,nitk
data/processed/nitk/right_967a.jpg,right,nitk
data/processed/nitk/right_822a.jpg,right,nitk
data/processed/nitk/right_79a.jpg,right,nitk
data/processed/nitk/right_294_3_.jpg,right,nitk
data/processed/nitk/right_293o.jpg,right,nitk
data/processed/nitk/right_394_3_.jpg,right,nitk
data/processed/nitk/right_339o.jpg,right,nitk
data/processed/nitk/right_387_7_.jpg,right,nitk
data/processed/nitk/right_293_1_.jpg,right,nitk
data/processed/nitk/right_483_7_.jpg,right,nitk
data/processed/nitk/right_342o.jpg,right,nitk
data/processed/nitk/right_286__.jpg,right,nitk
data/processed/nitk/right_897a (2).jpg,right,nitk
data/processed/nitk/right_529o.jpg,right,nitk
data/processed/nitk/right_231.jpg,right,nitk
data/processed/nitk/right_179o.jpg,right,nitk
data/processed/nitk/right_284_2_.jpg,right,nitk
data/processed/nitk/right_670_.jpg,right,nitk
data/processed/nitk/right_361a.jpg,right,nitk
data/processed/nitk/right_315o.jpg,right,nitk
data/processed/nitk/right_224a.jpg,right,nitk
data/processed/nitk/right_818a.jpg,right,nitk
data/processed/nitk/right_381_1_.jpg,right,nitk
data/processed/nitk/right_388_2_.jpg,right,nitk
data/processed/nitk/right_180o.jpg,right,nitk
data/processed/nitk/right_495o.jpg,right,nitk
data/processed/nitk/right_287__ (2).jpg,right,nitk
data/processed/nitk/right_image_24.jpg,right,nitk
data/processed/nitk/right_377a.jpg,right,nitk
data/processed/nitk/right_246o.jpg,right,nitk
data/processed/nitk/right_689_.jpg,right,nitk
data/processed/nitk/right_232a.jpg,right,nitk
data/processed/nitk/right_609.jpg,right,nitk
data/processed/nitk/right_944a (2).jpg,right,nitk
data/processed/nitk/right_945a (2).jpg,right,nitk
data/processed/nitk/right_296_2_.jpg,right,nitk
data/processed/nitk/right_635.jpg,right,nitk
data/processed/nitk/right_396_2_.jpg,right,nitk
data/processed/nitk/right_211o.jpg,right,nitk
data/processed/nitk/right_354o.jpg,right,nitk
data/processed/nitk/center_134a.jpg,center,nitk
data/processed/nitk/center_1048_2_.jpg,center,nitk
data/processed/nitk/center_1041_1_.jpg,center,nitk
data/processed/nitk/center_142p.jpg,center,nitk
data/processed/nitk/center_1947a.jpg,center,nitk
data/processed/nitk/center_68_.jpg,center,nitk
data/processed/nitk/center_492_1_.jpg,center,nitk
data/processed/nitk/center_174_1_.jpg,center,nitk
data/processed/nitk/center_126_3_.jpg,center,nitk
data/processed/nitk/center_67_3_.jpg,center,nitk
data/processed/nitk/center_908__.jpg,center,nitk
data/processed/nitk/center_image_150.jpg,center,nitk
data/processed/nitk/center_image_144.jpg,center,nitk
data/processed/nitk/center_188_.jpg,center,nitk
data/processed/nitk/center_1056_2_.jpg,center,nitk
data/processed/nitk/center_image_15.jpg,center,nitk
data/processed/nitk/center_860a.jpg,center,nitk
data/processed/nitk/center_1910a.jpg,center,nitk
data/processed/nitk/center_145_3_.jpg,center,nitk
data/processed/nitk/center_115p.jpg,center,nitk
data/processed/nitk/center_image_29.jpg,center,nitk
data/processed/nitk/center_443o (2).jpg,center,nitk
data/processed/nitk/center_41_1_ (2).jpg,center,nitk
data/processed/nitk/center_1022_1_.jpg,center,nitk
data/processed/nitk/center_138_3_.jpg,center,nitk
data/processed/nitk/center_876a.jpg,center,nitk
data/processed/nitk/center_599.jpg,center,nitk
data/processed/nitk/center_53_2_.jpg,center,nitk
data/processed/nitk/center_149_3_.jpg,center,nitk
data/processed/nitk/center_498o (2).jpg,center,nitk
data/processed/nitk/center_175a.jpg,center,nitk
data/processed/nitk/center_1053_1_.jpg,center,nitk
data/processed/nitk/center_899a.jpg,center,nitk
data/processed/nitk/center_103p.jpg,center,nitk
data/processed/nitk/center_933a.jpg,center,nitk
data/processed/nitk/center_2629a.jpg,center,nitk
data/processed/nitk/center_1906a.jpg,center,nitk
data/processed/nitk/center_608_.jpg,center,nitk
data/processed/nitk/center_228.jpg,center,nitk
data/processed/nitk/center_503o (2).jpg,center,nitk
data/processed/nitk/center_502o (2).jpg,center,nitk
data/processed/nitk/center_89_1_ (2).jpg,center,nitk
data/processed/nitk/center_1027_2_.jpg,center,nitk
data/processed/nitk/center_970__.jpg,center,nitk
data/processed/nitk/center_95a.jpg,center,nitk
data/processed/nitk/center_154p.jpg,center,nitk
data/processed/nitk/center_935__.jpg,center,nitk
data/processed/nitk/center_41 (2).jpg,center,nitk
data/processed/nitk/center_1030_1_.jpg,center,nitk
data/processed/nitk/center_23a (2).jpg,center,nitk
data/processed/nitk/center_2557a.jpg,center,nitk
data/processed/nitk/center_1039_2_.jpg,center,nitk
data/processed/nitk/center_770.jpg,center,nitk
data/processed/nitk/center_171_2_.jpg,center,nitk
data/processed/nitk/center_178_1_.jpg,center,nitk
data/processed/nitk/center_764.jpg,center,nitk
data/processed/nitk/center_5a (2).jpg,center,nitk
data/processed/nitk/center_1880a.jpg,center,nitk
data/processed/nitk/center_77p.jpg,center,nitk
data/processed/nitk/center_771.jpg,center,nitk
data/processed/nitk/center_4a (2).jpg,center,nitk
data/processed/nitk/center_555a (2).jpg,center,nitk
data/processed/nitk/center_98p.jpg,center,nitk
data/processed/nitk/center_1018_1_.jpg,center,nitk
data/processed/nitk/center_1615a.jpg,center,nitk
data/processed/nitk/center_11_1_.jpg,center,nitk
data/processed/nitk/center_349 (2).jpg,center,nitk
data/processed/nitk/center_150_1_.jpg,center,nitk
data/processed/nitk/center_161_3_.jpg,center,nitk
data/processed/nitk/center_573.jpg,center,nitk
data/processed/nitk/center_948a.jpg,center,nitk
data/processed/nitk/center_52_.jpg,center,nitk
data/processed/nitk/center_229.jpg,center,nitk
data/processed/nitk/center_954__.jpg,center,nitk
data/processed/nitk/center_583__.jpg,center,nitk
data/processed/nitk/center_55a (2).jpg,center,nitk
data/processed/nitk/center_95_1_ (2).jpg,center,nitk
data/processed/nitk/center_33__ (2).jpg,center,nitk
data/processed/nitk/center_44_.jpg,center,nitk
data/processed/nitk/center_972_2_.jpg,center,nitk
data/processed/nitk/center_77_2_.jpg,center,nitk
data/processed/nitk/center_40a.jpg,center,nitk
data/processed/nitk/center_370_.jpg,center,nitk
data/processed/nitk/center_7_1_ (2).jpg,center,nitk
data/processed/nitk/center_720_.jpg,center,nitk
data/processed/nitk/center_1003_2_.jpg,center,nitk
data/processed/nitk/center_image_28.jpg,center,nitk
data/processed/nitk/center_142_1_.jpg,center,nitk
data/processed/nitk/center_51_3_.jpg,center,nitk
data/processed/nitk/center_image_14.jpg,center,nitk
data/processed/nitk/center_1195a.jpg,center,nitk
data/processed/nitk/center_69_2_.jpg,center,nitk
data/processed/nitk/center_61p.jpg,center,nitk
data/processed/nitk/center_121_1_.jpg,center,nitk
data/processed/nitk/center_139p.jpg,center,nitk
data/processed/nitk/center_image_151.jpg,center,nitk
data/processed/nitk/center_435o (2).jpg,center,nitk
data/processed/nitk/center_434o (2).jpg,center,nitk
data/processed/nitk/center_266a.jpg,center,nitk
data/processed/nitk/center_874__.jpg,center,nitk
data/processed/nitk/center_707o.jpg,center,nitk
data/processed/nitk/center_472__ (2).jpg,center,nitk
data/processed/nitk/center_1014_1_.jpg,center,nitk
data/processed/nitk/center_29a (2).jpg,center,nitk
data/processed/nitk/center_182_2_.jpg,center,nitk
data/processed/nitk/center_98_3_.jpg,center,nitk
data/processed/nitk/center_215_.jpg,center,nitk
data/processed/nitk/center_211a.jpg,center,nitk
data/processed/nitk/center_138a.jpg,center,nitk
data/processed/nitk/center_1241_4_.jpg,center,nitk
data/processed/nitk/center_542a (3).jpg,center,nitk
data/processed/nitk/center_543a (3).jpg,center,nitk
data/processed/nitk/center_510_1_.jpg,center,nitk
data/processed/nitk/center_image_147.jpg,center,nitk
data/processed/nitk/center_image_153.jpg,center,nitk
data/processed/nitk/center_612_.jpg,center,nitk
data/processed/nitk/center_8_1_.jpg,center,nitk
data/processed/nitk/center_image_16.jpg,center,nitk
data/processed/nitk/center_195_1_.jpg,center,nitk
data/processed/nitk/center_246a.jpg,center,nitk
data/processed/nitk/center_86_3_.jpg,center,nitk
data/processed/nitk/center_727o.jpg,center,nitk
data/processed/nitk/center_2326a.jpg,center,nitk
data/processed/nitk/center_491_.jpg,center,nitk
data/processed/nitk/center_119p.jpg,center,nitk
data/processed/nitk/center_674o.jpg,center,nitk
data/processed/nitk/center_199_1_.jpg,center,nitk
data/processed/nitk/center_604_.jpg,center,nitk
data/processed/nitk/center_731o.jpg,center,nitk
data/processed/nitk/center_4_1_.jpg,center,nitk
data/processed/nitk/center_502_1_.jpg,center,nitk
data/processed/nitk/center_559.jpg,center,nitk
data/processed/nitk/center_21a.jpg,center,nitk
data/processed/nitk/center_2625a.jpg,center,nitk
data/processed/nitk/center_449o (2).jpg,center,nitk
data/processed/nitk/center_57p.jpg,center,nitk
data/processed/nitk/center_798.jpg,center,nitk
data/processed/nitk/center_203_.jpg,center,nitk
data/processed/nitk/center_561a (2).jpg,center,nitk
data/processed/nitk/center_560a (2).jpg,center,nitk
data/processed/nitk/center_94_3_.jpg,center,nitk
data/processed/nitk/center_956__.jpg,center,nitk
data/processed/nitk/center_913__.jpg,center,nitk
data/processed/nitk/center_187_1_.jpg,center,nitk
data/processed/nitk/center_1662a.jpg,center,nitk
data/processed/nitk/center_123p.jpg,center,nitk
data/processed/nitk/center_1926a.jpg,center,nitk
data/processed/nitk/center_917_.jpg,center,nitk
data/processed/nitk/center_6 (2).jpg,center,nitk
data/processed/nitk/center_94p.jpg,center,nitk
data/processed/nitk/center_180_3_.jpg,center,nitk
data/processed/nitk/center_16a (2).jpg,center,nitk
data/processed/nitk/center_570.jpg,center,nitk
data/processed/nitk/center_202.jpg,center,nitk
data/processed/nitk/center_85a (2).jpg,center,nitk
data/processed/nitk/center_558.jpg,center,nitk
data/processed/nitk/center_229_3_.jpg,center,nitk
data/processed/nitk/center_944a.jpg,center,nitk
data/processed/nitk/center_937__.jpg,center,nitk
data/processed/nitk/center_1084_1_.jpg,center,nitk
data/processed/nitk/center_1137a.jpg,center,nitk
data/processed/nitk/center_801a.jpg,center,nitk
data/processed/nitk/center_940_.jpg,center,nitk
data/processed/nitk/center_2561a.jpg,center,nitk
data/processed/nitk/center_535a (3).jpg,center,nitk
data/processed/nitk/center_534a (3).jpg,center,nitk
data/processed/nitk/center_952a.jpg,center,nitk
data/processed/nitk/center_48_.jpg,center,nitk
data/processed/nitk/center_image_17.jpg,center,nitk
data/processed/nitk/center_192_3_.jpg,center,nitk
data/processed/nitk/center_526_1_.jpg,center,nitk
data/processed/nitk/center_225_3_.jpg,center,nitk
data/processed/nitk/center_340 (2).jpg,center,nitk
data/processed/nitk/center_image_152.jpg,center,nitk
data/processed/nitk/center_15 (2).jpg,center,nitk
data/processed/nitk/center_image_146.jpg,center,nitk
data/processed/nitk/center_2536a.jpg,center,nitk
data/processed/nitk/center_285a.jpg,center,nitk
data/processed/nitk/center_1930a.jpg,center,nitk
data/processed/nitk/center_32_1_ (2).jpg,center,nitk
data/processed/nitk/center_135p.jpg,center,nitk
data/processed/nitk/center_1033a.jpg,center,nitk
data/processed/nitk/center_1199a.jpg,center,nitk
data/processed/nitk/center_143a.jpg,center,nitk
data/processed/nitk/center_82p.jpg,center,nitk
data/processed/nitk/center_901_.jpg,center,nitk
data/processed/nitk/center_96_3_.jpg,center,nitk
data/processed/nitk/center_1931a.jpg,center,nitk
data/processed/nitk/center_59 (2).jpg,center,nitk
data/processed/nitk/center_134p.jpg,center,nitk
data/processed/nitk/center_933__.jpg,center,nitk
data/processed/nitk/center_49 (2).jpg,center,nitk
data/processed/nitk/center_1177a.jpg,center,nitk
data/processed/nitk/center_83p.jpg,center,nitk
data/processed/nitk/center_image_142.jpg,center,nitk
data/processed/nitk/center_21__ (2).jpg,center,nitk
data/processed/nitk/center_image_156.jpg,center,nitk
data/processed/nitk/center_49_1_ (2).jpg,center,nitk
data/processed/nitk/center_34a (2).jpg,center,nitk
data/processed/nitk/center_2537a.jpg,center,nitk
data/processed/nitk/center_284a.jpg,center,nitk
data/processed/nitk/center_1435a.jpg,center,nitk
data/processed/nitk/center_6_1_.jpg,center,nitk
data/processed/nitk/center_49_.jpg,center,nitk
data/processed/nitk/center_88_3_.jpg,center,nitk
data/processed/nitk/center_image_13.jpg,center,nitk
data/processed/nitk/center_115_1_ (2).jpg,center,nitk
data/processed/nitk/center_203_3_.jpg,center,nitk
data/processed/nitk/center_500_1_.jpg,center,nitk
data/processed/nitk/center_455o (2).jpg,center,nitk
data/processed/nitk/center_945a.jpg,center,nitk
data/processed/nitk/center_1136a.jpg,center,nitk
data/processed/nitk/center_3_2_.jpg,center,nitk
data/processed/nitk/center_800a.jpg,center,nitk
data/processed/nitk/center_474__ (2).jpg,center,nitk
data/processed/nitk/center_516a (3).jpg,center,nitk
data/processed/nitk/center_584a (3).jpg,center,nitk
data/processed/nitk/center_122p.jpg,center,nitk
data/processed/nitk/center_585a (3).jpg,center,nitk
data/processed/nitk/center_912a.jpg,center,nitk
data/processed/nitk/center_2608a.jpg,center,nitk
data/processed/nitk/center_189_1_.jpg,center,nitk
data/processed/nitk/center_95p.jpg,center,nitk
data/processed/nitk/center_776.jpg,center,nitk
data/processed/nitk/center_1618a.jpg,center,nitk
data/processed/nitk/center_62_1_ (2).jpg,center,nitk
data/processed/nitk/center_458__.jpg,center,nitk
data/processed/nitk/center_598a (2).jpg,center,nitk
data/processed/nitk/center_159p.jpg,center,nitk
data/processed/nitk/center_98a.jpg,center,nitk
data/processed/nitk/center_73_.jpg,center,nitk
data/processed/nitk/center_788.jpg,center,nitk
data/processed/nitk/center_991_2_.jpg,center,nitk
data/processed/nitk/center_202_.jpg,center,nitk
data/processed/nitk/center_561a (3).jpg,center,nitk
data/processed/nitk/center_998_1_.jpg,center,nitk
data/processed/nitk/center_560a (3).jpg,center,nitk
data/processed/nitk/center_717_.jpg,center,nitk
data/processed/nitk/center_193_.jpg,center,nitk
data/processed/nitk/center_20a.jpg,center,nitk
data/processed/nitk/center_2624a.jpg,center,nitk
data/processed/nitk/center_109_1_ (2).jpg,center,nitk
data/processed/nitk/center_575.jpg,center,nitk
data/processed/nitk/center_37_1_ (2).jpg,center,nitk
data/processed/nitk/center_56p.jpg,center,nitk
data/processed/nitk/center_486_.jpg,center,nitk
data/processed/nitk/center_98a (2).jpg,center,nitk
data/processed/nitk/center_524_1_.jpg,center,nitk
data/processed/nitk/center_605_.jpg,center,nitk
data/processed/nitk/center_36a.jpg,center,nitk
data/processed/nitk/center_578__.jpg,center,nitk
data/processed/nitk/center_181a.jpg,center,nitk
data/processed/nitk/center_14 (2).jpg,center,nitk
data/processed/nitk/center_882a.jpg,center,nitk
data/processed/nitk/center_928a.jpg,center,nitk
data/processed/nitk/center_373.jpg,center,nitk
data/processed/nitk/center_image_12.jpg,center,nitk
data/processed/nitk/center_983_2_.jpg,center,nitk
data/processed/nitk/center_917__.jpg,center,nitk
data/processed/nitk/center_247a.jpg,center,nitk
data/processed/nitk/center_1622a.jpg,center,nitk
data/processed/nitk/center_726o.jpg,center,nitk
data/processed/nitk/center_65_.jpg,center,nitk
data/processed/nitk/center_603.jpg,center,nitk
data/processed/nitk/center_image_143.jpg,center,nitk
data/processed/nitk/center_341 (2).jpg,center,nitk
data/processed/nitk/center_214_.jpg,center,nitk
data/processed/nitk/center_849a (2).jpg,center,nitk
data/processed/nitk/center_351_.jpg,center,nitk
data/processed/nitk/center_950__.jpg,center,nitk
data/processed/nitk/center_8.jpg,center,nitk
data/processed/nitk/center_14_3_.jpg,center,nitk
data/processed/nitk/center_267a.jpg,center,nitk
data/processed/nitk/center_576a (2).jpg,center,nitk
data/processed/nitk/center_1046_2_.jpg,center,nitk
data/processed/nitk/center_image_155.jpg,center,nitk
data/processed/nitk/center_60p.jpg,center,nitk
data/processed/nitk/center_173_2_.jpg,center,nitk
data/processed/nitk/center_908a.jpg,center,nitk
data/processed/nitk/center_32_2_.jpg,center,nitk
data/processed/nitk/center_image_141.jpg,center,nitk
data/processed/nitk/center_2612a.jpg,center,nitk
data/processed/nitk/center_128_3_.jpg,center,nitk
data/processed/nitk/center_16a.jpg,center,nitk
data/processed/nitk/center_1032_1_.jpg,center,nitk
data/processed/nitk/center_6__ (2).jpg,center,nitk
data/processed/nitk/center_1051_1_.jpg,center,nitk
data/processed/nitk/center_image_38.jpg,center,nitk
data/processed/nitk/center_image_10.jpg,center,nitk
data/processed/nitk/center_119_1_.jpg,center,nitk
data/processed/nitk/center_45_.jpg,center,nitk
data/processed/nitk/center_77a (2).jpg,center,nitk
data/processed/nitk/center_1593a.jpg,center,nitk
data/processed/nitk/center_119a.jpg,center,nitk
data/processed/nitk/center_22 (2).jpg,center,nitk
data/processed/nitk/center_482_1_.jpg,center,nitk
data/processed/nitk/center_41a.jpg,center,nitk
data/processed/nitk/center_835a (2).jpg,center,nitk
data/processed/nitk/center_40 (2).jpg,center,nitk
data/processed/nitk/center_50 (2).jpg,center,nitk
data/processed/nitk/center_834a (2).jpg,center,nitk
data/processed/nitk/center_1054_2_.jpg,center,nitk
data/processed/nitk/center_168_1_.jpg,center,nitk
data/processed/nitk/center_26_1_ (2).jpg,center,nitk
data/processed/nitk/center_211.jpg,center,nitk
data/processed/nitk/center_563.jpg,center,nitk
data/processed/nitk/center_53_.jpg,center,nitk
data/processed/nitk/center_485o (2).jpg,center,nitk
data/processed/nitk/center_710o.jpg,center,nitk
data/processed/nitk/center_1614a.jpg,center,nitk
data/processed/nitk/center_502__.jpg,center,nitk
data/processed/nitk/center_547__.jpg,center,nitk
data/processed/nitk/center_2604a.jpg,center,nitk
data/processed/nitk/center_76p.jpg,center,nitk
data/processed/nitk/center_1182a.jpg,center,nitk
data/processed/nitk/center_44_1_ (2).jpg,center,nitk
data/processed/nitk/center_490_1_.jpg,center,nitk
data/processed/nitk/center_158a.jpg,center,nitk
data/processed/nitk/center_73_1_ (2).jpg,center,nitk
data/processed/nitk/center_124_3_.jpg,center,nitk
data/processed/nitk/center_555a (3).jpg,center,nitk
data/processed/nitk/center_99p.jpg,center,nitk
data/processed/nitk/center_749.jpg,center,nitk
data/processed/nitk/center_554a (3).jpg,center,nitk
data/processed/nitk/center_1062_2_.jpg,center,nitk
data/processed/nitk/center_2556a.jpg,center,nitk
data/processed/nitk/center_842a (2).jpg,center,nitk
data/processed/nitk/center_748.jpg,center,nitk
data/processed/nitk/center_760.jpg,center,nitk
data/processed/nitk/center_171_3_.jpg,center,nitk
data/processed/nitk/center_2_1_ (2).jpg,center,nitk
data/processed/nitk/center_123a.jpg,center,nitk
data/processed/nitk/center_1016_1_.jpg,center,nitk
data/processed/nitk/center_155p.jpg,center,nitk
data/processed/nitk/center_16_2_.jpg,center,nitk
data/processed/nitk/center_90_1_ (2).jpg,center,nitk
data/processed/nitk/center_75_2_.jpg,center,nitk
data/processed/nitk/center_609_.jpg,center,nitk
data/processed/nitk/center_238.jpg,center,nitk
data/processed/nitk/center_204.jpg,center,nitk
data/processed/nitk/center_461o (2).jpg,center,nitk
data/processed/nitk/center_1075_1_.jpg,center,nitk
data/processed/nitk/center_140_1_.jpg,center,nitk
data/processed/nitk/center_877a.jpg,center,nitk
data/processed/nitk/center_53_3_.jpg,center,nitk
data/processed/nitk/center_522a (3).jpg,center,nitk
data/processed/nitk/center_523a (3).jpg,center,nitk
data/processed/nitk/center_102p.jpg,center,nitk
data/processed/nitk/center_898a.jpg,center,nitk
data/processed/nitk/center_932a.jpg,center,nitk
data/processed/nitk/center_92a (2).jpg,center,nitk
data/processed/nitk/center_1079_1_.jpg,center,nitk
data/processed/nitk/center_93a (2).jpg,center,nitk
data/processed/nitk/center_79_2_.jpg,center,nitk
data/processed/nitk/center_131_1_.jpg,center,nitk
data/processed/nitk/center_162a.jpg,center,nitk
data/processed/nitk/center_1157a.jpg,center,nitk
data/processed/nitk/center_1004_1_.jpg,center,nitk
data/processed/nitk/center_image_11.jpg,center,nitk
data/processed/nitk/center_974__.jpg,center,nitk
data/processed/nitk/center_image_39.jpg,center,nitk
data/processed/nitk/center_114p.jpg,center,nitk
data/processed/nitk/center_865_.jpg,center,nitk
data/processed/nitk/center_1067_1_.jpg,center,nitk
data/processed/nitk/center_image_140.jpg,center,nitk
data/processed/nitk/center_image_154.jpg,center,nitk
data/processed/nitk/center_58_1_ (2).jpg,center,nitk
data/processed/nitk/center_600.jpg,center,nitk
data/processed/nitk/center_2_.jpg,center,nitk
data/processed/nitk/center_697a (3).jpg,center,nitk
data/processed/nitk/center_13_1_.jpg,center,nitk
data/processed/nitk/center_41_3_.jpg,center,nitk
data/processed/nitk/center_152_1_.jpg,center,nitk
data/processed/nitk/center_593a (2).jpg,center,nitk
data/processed/nitk/center_1013_2_.jpg,center,nitk
data/processed/nitk/center_143p.jpg,center,nitk
data/processed/nitk/center_82a.jpg,center,nitk
data/processed/nitk/center_69_.jpg,center,nitk
data/processed/nitk/center_1082_1_.jpg,center,nitk
data/processed/nitk/center_5_3_.jpg,center,nitk
data/processed/nitk/center_987_2_.jpg,center,nitk
data/processed/nitk/center_580__.jpg,center,nitk
data/processed/nitk/center_912__.jpg,center,nitk
data/processed/nitk/center_356_.jpg,center,nitk
data/processed/nitk/center_198_3_.jpg,center,nitk
data/processed/nitk/center_217a.jpg,center,nitk
data/processed/nitk/center_838a (2).jpg,center,nitk
data/processed/nitk/center_66a.jpg,center,nitk
data/processed/nitk/center_9_.jpg,center,nitk
data/processed/nitk/center_897.jpg,center,nitk
data/processed/nitk/center_89a.jpg,center,nitk
data/processed/nitk/center_image_127.jpg,center,nitk
data/processed/nitk/center_148p.jpg,center,nitk
data/processed/nitk/center_186_3_.jpg,center,nitk
data/processed/nitk/center_614_.jpg,center,nitk
data/processed/nitk/center_image_62.jpg,center,nitk
data/processed/nitk/center_558a (3).jpg,center,nitk
data/processed/nitk/center_1625a.jpg,center,nitk
data/processed/nitk/center_999_2_.jpg,center,nitk
data/processed/nitk/center_885a.jpg,center,nitk
data/processed/nitk/center_image_89.jpg,center,nitk
data/processed/nitk/center_672o.jpg,center,nitk
data/processed/nitk/center_995_2_.jpg,center,nitk
data/processed/nitk/center_602_.jpg,center,nitk
data/processed/nitk/center_582a (3).jpg,center,nitk
data/processed/nitk/center_1090_1_.jpg,center,nitk
data/processed/nitk/center_97_1_ (2).jpg,center,nitk
data/processed/nitk/center_897_.jpg,center,nitk
data/processed/nitk/center_194_.jpg,center,nitk
data/processed/nitk/center_190a.jpg,center,nitk
data/processed/nitk/center_481_.jpg,center,nitk
data/processed/nitk/center_23_.jpg,center,nitk
data/processed/nitk/center_2623a.jpg,center,nitk
data/processed/nitk/center_212_1_.jpg,center,nitk
data/processed/nitk/center_109p.jpg,center,nitk
data/processed/nitk/center_5_1_ (2).jpg,center,nitk
data/processed/nitk/center_893a.jpg,center,nitk
data/processed/nitk/center_194_3_.jpg,center,nitk
data/processed/nitk/center_520_1_.jpg,center,nitk
data/processed/nitk/center_223_3_.jpg,center,nitk
data/processed/nitk/center_201a.jpg,center,nitk
data/processed/nitk/center_9_3_.jpg,center,nitk
data/processed/nitk/center_70a.jpg,center,nitk
data/processed/nitk/center_707.jpg,center,nitk
data/processed/nitk/center_508_1_.jpg,center,nitk
data/processed/nitk/center_21_1_ (2).jpg,center,nitk
data/processed/nitk/center_712.jpg,center,nitk
data/processed/nitk/center_806a (2).jpg,center,nitk
data/processed/nitk/center_32__ (2).jpg,center,nitk
data/processed/nitk/center_125p.jpg,center,nitk
data/processed/nitk/center_915a.jpg,center,nitk
data/processed/nitk/center_1189a.jpg,center,nitk
data/processed/nitk/center_80_3_.jpg,center,nitk
data/processed/nitk/center_92p.jpg,center,nitk
data/processed/nitk/center_43_1_ (2).jpg,center,nitk
data/processed/nitk/center_276.jpg,center,nitk
data/processed/nitk/center_229_.jpg,center,nitk
data/processed/nitk/center_353 (2).jpg,center,nitk
data/processed/nitk/center_2571a.jpg,center,nitk
data/processed/nitk/center_516_1_.jpg,center,nitk
data/processed/nitk/center_566a (3).jpg,center,nitk
data/processed/nitk/center_700a (3).jpg,center,nitk
data/processed/nitk/center_58_.jpg,center,nitk
data/processed/nitk/center_701a (3).jpg,center,nitk
data/processed/nitk/center_567a (3).jpg,center,nitk
data/processed/nitk/center_807a.jpg,center,nitk
data/processed/nitk/center_564__.jpg,center,nitk
data/processed/nitk/center_184_2_.jpg,center,nitk
data/processed/nitk/center_219_3_.jpg,center,nitk
data/processed/nitk/center_image_88.jpg,center,nitk
data/processed/nitk/center_2567a.jpg,center,nitk
data/processed/nitk/center_188_2_.jpg,center,nitk
data/processed/nitk/center_92_3_.jpg,center,nitk
data/processed/nitk/center_973__.jpg,center,nitk
data/processed/nitk/center_181_1_.jpg,center,nitk
data/processed/nitk/center_1598a.jpg,center,nitk
data/processed/nitk/center_image_63.jpg,center,nitk
data/processed/nitk/center_112a.jpg,center,nitk
data/processed/nitk/center_1127a.jpg,center,nitk
data/processed/nitk/center_image_77.jpg,center,nitk
data/processed/nitk/center_811a.jpg,center,nitk
data/processed/nitk/center_image_126.jpg,center,nitk
data/processed/nitk/center_image_132.jpg,center,nitk
data/processed/nitk/center_896.jpg,center,nitk
data/processed/nitk/center_283a.jpg,center,nitk
data/processed/nitk/center_504_1_.jpg,center,nitk
data/processed/nitk/center_882.jpg,center,nitk
data/processed/nitk/center_2530a.jpg,center,nitk
data/processed/nitk/center_903a.jpg,center,nitk
data/processed/nitk/center_2_1_.jpg,center,nitk
data/processed/nitk/center_133p.jpg,center,nitk
data/processed/nitk/center_26__ (2).jpg,center,nitk
data/processed/nitk/center_893__.jpg,center,nitk
data/processed/nitk/center_196_2_.jpg,center,nitk
data/processed/nitk/center_907_.jpg,center,nitk
data/processed/nitk/center_44a (2).jpg,center,nitk
data/processed/nitk/center_1228_4_.jpg,center,nitk
data/processed/nitk/center_45a (2).jpg,center,nitk
data/processed/nitk/center_84p.jpg,center,nitk
data/processed/nitk/center_1000_1_.jpg,center,nitk
data/processed/nitk/center_144p.jpg,center,nitk
data/processed/nitk/center_148_1_.jpg,center,nitk
data/processed/nitk/center_image_118.jpg,center,nitk
data/processed/nitk/center_978_2_.jpg,center,nitk
data/processed/nitk/center_482__ (2).jpg,center,nitk
data/processed/nitk/center_image_124.jpg,center,nitk
data/processed/nitk/center_52 (2).jpg,center,nitk
data/processed/nitk/center_26_3_.jpg,center,nitk
data/processed/nitk/center_42 (2).jpg,center,nitk
data/processed/nitk/center_167_3_.jpg,center,nitk
data/processed/nitk/center_135_1_.jpg,center,nitk
data/processed/nitk/center_image_130.jpg,center,nitk
data/processed/nitk/center_165a.jpg,center,nitk
data/processed/nitk/center_image_75.jpg,center,nitk
data/processed/nitk/center_104_3_.jpg,center,nitk
data/processed/nitk/center_image_8.jpg,center,nitk
data/processed/nitk/center_1916a.jpg,center,nitk
data/processed/nitk/center_113p.jpg,center,nitk
data/processed/nitk/center_image_49.jpg,center,nitk
data/processed/nitk/center_328.jpg,center,nitk
data/processed/nitk/center_63_2_.jpg,center,nitk
data/processed/nitk/center_173a.jpg,center,nitk
data/processed/nitk/center_1012_1_.jpg,center,nitk
data/processed/nitk/center_105p.jpg,center,nitk
data/processed/nitk/center_874_.jpg,center,nitk
data/processed/nitk/center_49_3_.jpg,center,nitk
data/processed/nitk/center_1066_2_.jpg,center,nitk
data/processed/nitk/center_52_1_ (2).jpg,center,nitk
data/processed/nitk/center_553a (3).jpg,center,nitk
data/processed/nitk/center_57_3_.jpg,center,nitk
data/processed/nitk/center_124a.jpg,center,nitk
data/processed/nitk/center_152p.jpg,center,nitk
data/processed/nitk/center_71_2_.jpg,center,nitk
data/processed/nitk/center_738.jpg,center,nitk
data/processed/nitk/center_2551a.jpg,center,nitk
data/processed/nitk/center_483o (2).jpg,center,nitk
data/processed/nitk/center_1078_2_.jpg,center,nitk
data/processed/nitk/center_710.jpg,center,nitk
data/processed/nitk/center_1071_1_.jpg,center,nitk
data/processed/nitk/center_30_1_ (2).jpg,center,nitk
data/processed/nitk/center_71p.jpg,center,nitk
data/processed/nitk/center_711.jpg,center,nitk
data/processed/nitk/center_129p.jpg,center,nitk
data/processed/nitk/center_466o (2).jpg,center,nitk
data/processed/nitk/center_739.jpg,center,nitk
data/processed/nitk/center_875__.jpg,center,nitk
data/processed/nitk/center_276a.jpg,center,nitk
data/processed/nitk/center_525a (3).jpg,center,nitk
data/processed/nitk/center_524a (3).jpg,center,nitk
data/processed/nitk/center_1059_1_.jpg,center,nitk
data/processed/nitk/center_968__.jpg,center,nitk
data/processed/nitk/center_844a (2).jpg,center,nitk
data/processed/nitk/center_494_1_.jpg,center,nitk
data/processed/nitk/center_249.jpg,center,nitk
data/processed/nitk/center_108a.jpg,center,nitk
data/processed/nitk/center_50a.jpg,center,nitk
data/processed/nitk/center_221a.jpg,center,nitk
data/processed/nitk/center_730_.jpg,center,nitk
data/processed/nitk/center_1047_1_.jpg,center,nitk
data/processed/nitk/center_1594a.jpg,center,nitk
data/processed/nitk/center_498_1_.jpg,center,nitk
data/processed/nitk/center_42_.jpg,center,nitk
data/processed/nitk/center_36_2_.jpg,center,nitk
data/processed/nitk/center_46a.jpg,center,nitk
data/processed/nitk/center_79_1_ (2).jpg,center,nitk
data/processed/nitk/center_329.jpg,center,nitk
data/processed/nitk/center_582__.jpg,center,nitk
data/processed/nitk/center_910__.jpg,center,nitk
data/processed/nitk/center_image_48.jpg,center,nitk
data/processed/nitk/center_955__.jpg,center,nitk
data/processed/nitk/center_237a.jpg,center,nitk
data/processed/nitk/center_1042_2_.jpg,center,nitk
data/processed/nitk/center_image_60.jpg,center,nitk
data/processed/nitk/center_image_131.jpg,center,nitk
data/processed/nitk/center_94a (2).jpg,center,nitk
data/processed/nitk/center_image_125.jpg,center,nitk
data/processed/nitk/center_1021_2_.jpg,center,nitk
data/processed/nitk/center_67p.jpg,center,nitk
data/processed/nitk/center_73_3_.jpg,center,nitk
data/processed/nitk/center_88p.jpg,center,nitk
data/processed/nitk/center_881.jpg,center,nitk
data/processed/nitk/center_160_1_.jpg,center,nitk
data/processed/nitk/center_image_119.jpg,center,nitk
data/processed/nitk/center_132_3_.jpg,center,nitk
data/processed/nitk/center_28_2_.jpg,center,nitk
data/processed/nitk/center_486_1_.jpg,center,nitk
data/processed/nitk/center_260a.jpg,center,nitk
data/processed/nitk/center_1055_1_.jpg,center,nitk
data/processed/nitk/center_701o.jpg,center,nitk
data/processed/nitk/center_1605a.jpg,center,nitk
data/processed/nitk/center_462__.jpg,center,nitk
data/processed/nitk/center_55_2_.jpg,center,nitk
data/processed/nitk/center_16.jpg,center,nitk
data/processed/nitk/center_57_1_ (2).jpg,center,nitk
data/processed/nitk/center_1007_2_.jpg,center,nitk
data/processed/nitk/center_1604a.jpg,center,nitk
data/processed/nitk/center_2028a.jpg,center,nitk
data/processed/nitk/center_114_3_.jpg,center,nitk
data/processed/nitk/center_445o (2).jpg,center,nitk
data/processed/nitk/center_546__.jpg,center,nitk
data/processed/nitk/center_image_121.jpg,center,nitk
data/processed/nitk/center_image_135.jpg,center,nitk
data/processed/nitk/center_1192a.jpg,center,nitk
data/processed/nitk/center_66p.jpg,center,nitk
data/processed/nitk/center_1073_1_.jpg,center,nitk
data/processed/nitk/center_891.jpg,center,nitk
data/processed/nitk/center_89p.jpg,center,nitk
data/processed/nitk/center_885.jpg,center,nitk
data/processed/nitk/center_34__ (2).jpg,center,nitk
data/processed/nitk/center_35_1_ (2).jpg,center,nitk
data/processed/nitk/center_1019_2_.jpg,center,nitk
data/processed/nitk/center_image_64.jpg,center,nitk
data/processed/nitk/center_image_70.jpg,center,nitk
data/processed/nitk/center_43 (2).jpg,center,nitk
data/processed/nitk/center_968_2_.jpg,center,nitk
data/processed/nitk/center_47_3_.jpg,center,nitk
data/processed/nitk/center_106_3_.jpg,center,nitk
data/processed/nitk/center_224_.jpg,center,nitk
data/processed/nitk/center_24a (2).jpg,center,nitk
data/processed/nitk/center_25a (2).jpg,center,nitk
data/processed/nitk/center_964_2_.jpg,center,nitk
data/processed/nitk/center_20__ (2).jpg,center,nitk
data/processed/nitk/center_51a.jpg,center,nitk
data/processed/nitk/center_61_2_.jpg,center,nitk
data/processed/nitk/center_586__.jpg,center,nitk
data/processed/nitk/center_951__.jpg,center,nitk
data/processed/nitk/center_1612a.jpg,center,nitk
data/processed/nitk/center_277a.jpg,center,nitk
data/processed/nitk/center_1002_1_.jpg,center,nitk
data/processed/nitk/center_70p.jpg,center,nitk
data/processed/nitk/center_2602a.jpg,center,nitk
data/processed/nitk/center_505o (2).jpg,center,nitk
data/processed/nitk/center_128p.jpg,center,nitk
data/processed/nitk/center_728.jpg,center,nitk
data/processed/nitk/center_162_1_.jpg,center,nitk
data/processed/nitk/center_484_1_.jpg,center,nitk
data/processed/nitk/center_2550a.jpg,center,nitk
data/processed/nitk/center_895__.jpg,center,nitk
data/processed/nitk/center_79_.jpg,center,nitk
data/processed/nitk/center_153p.jpg,center,nitk
data/processed/nitk/center_1034_1_.jpg,center,nitk
data/processed/nitk/center_2a (2).jpg,center,nitk
data/processed/nitk/center_258.jpg,center,nitk
data/processed/nitk/center_175_2_.jpg,center,nitk
data/processed/nitk/center_264.jpg,center,nitk
data/processed/nitk/center_1147a.jpg,center,nitk
data/processed/nitk/center_930_.jpg,center,nitk
data/processed/nitk/center_871a.jpg,center,nitk
data/processed/nitk/center_104p.jpg,center,nitk
data/processed/nitk/center_875_.jpg,center,nitk
data/processed/nitk/center_1901a.jpg,center,nitk
data/processed/nitk/center_975__.jpg,center,nitk
data/processed/nitk/center_49_2_.jpg,center,nitk
data/processed/nitk/center_496_1_.jpg,center,nitk
data/processed/nitk/center_589a (2).jpg,center,nitk
data/processed/nitk/center_588a (2).jpg,center,nitk
data/processed/nitk/center_948__.jpg,center,nitk
data/processed/nitk/center_1031_2_.jpg,center,nitk
data/processed/nitk/center_432o (2).jpg,center,nitk
data/processed/nitk/center_1038_1_.jpg,center,nitk
data/processed/nitk/center_image_71.jpg,center,nitk
data/processed/nitk/center_867a.jpg,center,nitk
data/processed/nitk/center_45_2_.jpg,center,nitk
data/processed/nitk/center_image_65.jpg,center,nitk
data/processed/nitk/center_571a (3).jpg,center,nitk
data/processed/nitk/center_1045_1_.jpg,center,nitk
data/processed/nitk/center_888a.jpg,center,nitk
data/processed/nitk/center_image_59.jpg,center,nitk
data/processed/nitk/center_112p.jpg,center,nitk
data/processed/nitk/center_2546a.jpg,center,nitk
data/processed/nitk/center_image_108.jpg,center,nitk
data/processed/nitk/center_884.jpg,center,nitk
data/processed/nitk/center_890.jpg,center,nitk
data/processed/nitk/center_26_2_.jpg,center,nitk
data/processed/nitk/center_488_1_.jpg,center,nitk
data/processed/nitk/center_83_1_ (2).jpg,center,nitk
data/processed/nitk/center_image_120.jpg,center,nitk
data/processed/nitk/center_4_.jpg,center,nitk
data/processed/nitk/center_13.jpg,center,nitk
data/processed/nitk/center_88a (2).jpg,center,nitk
data/processed/nitk/center_145p.jpg,center,nitk
data/processed/nitk/center_141_3_.jpg,center,nitk
data/processed/nitk/center_1940a.jpg,center,nitk
data/processed/nitk/center_89a (2).jpg,center,nitk
data/processed/nitk/center_2618a.jpg,center,nitk
data/processed/nitk/center_18_.jpg,center,nitk
data/processed/nitk/center_132p.jpg,center,nitk
data/processed/nitk/center_196_3_.jpg,center,nitk
data/processed/nitk/center_38 (2).jpg,center,nitk
data/processed/nitk/center_906_.jpg,center,nitk
data/processed/nitk/center_560__.jpg,center,nitk
data/processed/nitk/center_522_1_.jpg,center,nitk
data/processed/nitk/center_221_3_.jpg,center,nitk
data/processed/nitk/center_144a.jpg,center,nitk
data/processed/nitk/center_85p.jpg,center,nitk
data/processed/nitk/center_image_136.jpg,center,nitk
data/processed/nitk/center_1608a.jpg,center,nitk
data/processed/nitk/center_image_122.jpg,center,nitk
data/processed/nitk/center_797a.jpg,center,nitk
data/processed/nitk/center_495o (2).jpg,center,nitk
data/processed/nitk/center_188_3_.jpg,center,nitk
data/processed/nitk/center_997_2_.jpg,center,nitk
data/processed/nitk/center_image_73.jpg,center,nitk
data/processed/nitk/center_1126a.jpg,center,nitk
data/processed/nitk/center_image_67.jpg,center,nitk
data/processed/nitk/center_1092_1_.jpg,center,nitk
data/processed/nitk/center_545a (3).jpg,center,nitk
data/processed/nitk/center_image_98.jpg,center,nitk
data/processed/nitk/center_210_1_.jpg,center,nitk
data/processed/nitk/center_544a (3).jpg,center,nitk
data/processed/nitk/center_59_.jpg,center,nitk
data/processed/nitk/center_806a.jpg,center,nitk
data/processed/nitk/center_1130a.jpg,center,nitk
data/processed/nitk/center_184_3_.jpg,center,nitk
data/processed/nitk/center_105a.jpg,center,nitk
data/processed/nitk/center_266.jpg,center,nitk
data/processed/nitk/center_7__ (2).jpg,center,nitk
data/processed/nitk/center_124p.jpg,center,nitk
data/processed/nitk/center_80_2_.jpg,center,nitk
data/processed/nitk/center_1080_1_.jpg,center,nitk
data/processed/nitk/center_93p.jpg,center,nitk
data/processed/nitk/center_1167a.jpg,center,nitk
data/processed/nitk/center_7_3_.jpg,center,nitk
data/processed/nitk/center_985_2_.jpg,center,nitk
data/processed/nitk/center_702.jpg,center,nitk
data/processed/nitk/center_2527a.jpg,center,nitk
data/processed/nitk/center_66a (2).jpg,center,nitk
data/processed/nitk/center_506_1_.jpg,center,nitk
data/processed/nitk/center_82a (2).jpg,center,nitk
data/processed/nitk/center_75_.jpg,center,nitk
data/processed/nitk/center_717.jpg,center,nitk
data/processed/nitk/center_204_.jpg,center,nitk
data/processed/nitk/center_711_.jpg,center,nitk
data/processed/nitk/center_195_.jpg,center,nitk
data/processed/nitk/center_579__.jpg,center,nitk
data/processed/nitk/center_191a.jpg,center,nitk
data/processed/nitk/center_480_.jpg,center,nitk
data/processed/nitk/center_518_1_.jpg,center,nitk
data/processed/nitk/center_938a.jpg,center,nitk
data/processed/nitk/center_879_.jpg,center,nitk
data/processed/nitk/center_892a.jpg,center,nitk
data/processed/nitk/center_108p.jpg,center,nitk
data/processed/nitk/center_673o.jpg,center,nitk
data/processed/nitk/center_603_.jpg,center,nitk
data/processed/nitk/center_584__.jpg,center,nitk
data/processed/nitk/center_90_3_.jpg,center,nitk
data/processed/nitk/center_916__.jpg,center,nitk
data/processed/nitk/center_953__.jpg,center,nitk
data/processed/nitk/center_1632a.jpg,center,nitk
data/processed/nitk/center_11a (2).jpg,center,nitk
data/processed/nitk/center_479_.jpg,center,nitk
data/processed/nitk/center_217_3_.jpg,center,nitk
data/processed/nitk/center_4 (2).jpg,center,nitk
data/processed/nitk/center_514_1_.jpg,center,nitk
data/processed/nitk/center_880_.jpg,center,nitk
data/processed/nitk/center_884a.jpg,center,nitk
data/processed/nitk/center_image_99.jpg,center,nitk
data/processed/nitk/center_852a (2).jpg,center,nitk
data/processed/nitk/center_496_.jpg,center,nitk
data/processed/nitk/center_853a (2).jpg,center,nitk
data/processed/nitk/center_image_66.jpg,center,nitk
data/processed/nitk/center_13_1_ (2).jpg,center,nitk
data/processed/nitk/center_1238_4_.jpg,center,nitk
data/processed/nitk/center_8a (2).jpg,center,nitk
data/processed/nitk/center_501__.jpg,center,nitk
data/processed/nitk/center_9a (2).jpg,center,nitk
data/processed/nitk/center_image_72.jpg,center,nitk
data/processed/nitk/center_241a.jpg,center,nitk
data/processed/nitk/center_720o.jpg,center,nitk
data/processed/nitk/center_459__.jpg,center,nitk
data/processed/nitk/center_67a.jpg,center,nitk
data/processed/nitk/center_image_123.jpg,center,nitk
data/processed/nitk/center_image_137.jpg,center,nitk
data/processed/nitk/center_149p.jpg,center,nitk
data/processed/nitk/center_533a (3).jpg,center,nitk
data/processed/nitk/center_5_2_.jpg,center,nitk
data/processed/nitk/center_71_1_ (2).jpg,center,nitk
data/processed/nitk/center_191_1_.jpg,center,nitk
data/processed/nitk/center_18__ (2).jpg,center,nitk
data/processed/nitk/center_357_.jpg,center,nitk
data/processed/nitk/center_198_2_.jpg,center,nitk
data/processed/nitk/center_216a.jpg,center,nitk
data/processed/nitk/center_147a.jpg,center,nitk
data/processed/nitk/center_875.jpg,center,nitk
data/processed/nitk/center_927__.jpg,center,nitk
data/processed/nitk/center_905_.jpg,center,nitk
data/processed/nitk/center_131p.jpg,center,nitk
data/processed/nitk/center_69p.jpg,center,nitk
data/processed/nitk/center_357 (2).jpg,center,nitk
data/processed/nitk/center_207_1_.jpg,center,nitk
data/processed/nitk/center_281a.jpg,center,nitk
data/processed/nitk/center_464__ (2).jpg,center,nitk
data/processed/nitk/center_image_112.jpg,center,nitk
data/processed/nitk/center_548__.jpg,center,nitk
data/processed/nitk/center_794a.jpg,center,nitk
data/processed/nitk/center_574a (2).jpg,center,nitk
data/processed/nitk/center_image_106.jpg,center,nitk
data/processed/nitk/center_image_57.jpg,center,nitk
data/processed/nitk/center_48a.jpg,center,nitk
data/processed/nitk/center_image_2.jpg,center,nitk
data/processed/nitk/center_110a.jpg,center,nitk
data/processed/nitk/center_image_43.jpg,center,nitk
data/processed/nitk/center_1125a.jpg,center,nitk
data/processed/nitk/center_181_3_.jpg,center,nitk
data/processed/nitk/center_455__.jpg,center,nitk
data/processed/nitk/center_image_94.jpg,center,nitk
data/processed/nitk/center_2565a.jpg,center,nitk
data/processed/nitk/center_322.jpg,center,nitk
data/processed/nitk/center_239a.jpg,center,nitk
data/processed/nitk/center_728_.jpg,center,nitk
data/processed/nitk/center_1133a.jpg,center,nitk
data/processed/nitk/center_106a.jpg,center,nitk
data/processed/nitk/center_805a.jpg,center,nitk
data/processed/nitk/center_486o (2).jpg,center,nitk
data/processed/nitk/center_281.jpg,center,nitk
data/processed/nitk/center_215_1_.jpg,center,nitk
data/processed/nitk/center_2573a.jpg,center,nitk
data/processed/nitk/center_837a (2).jpg,center,nitk
data/processed/nitk/center_256.jpg,center,nitk
data/processed/nitk/center_242.jpg,center,nitk
data/processed/nitk/center_1080_2_.jpg,center,nitk
data/processed/nitk/center_90p.jpg,center,nitk
data/processed/nitk/center_1164a.jpg,center,nitk
data/processed/nitk/center_527_1_.jpg,center,nitk
data/processed/nitk/center_470__ (2).jpg,center,nitk
data/processed/nitk/center_556a (3).jpg,center,nitk
data/processed/nitk/center_224_3_.jpg,center,nitk
data/processed/nitk/center_127p.jpg,center,nitk
data/processed/nitk/center_557a (3).jpg,center,nitk
data/processed/nitk/center_193_3_.jpg,center,nitk
data/processed/nitk/center_732.jpg,center,nitk
data/processed/nitk/center_9_1_.jpg,center,nitk
data/processed/nitk/center_712_.jpg,center,nitk
data/processed/nitk/center_10__ (2).jpg,center,nitk
data/processed/nitk/center_900.jpg,center,nitk
data/processed/nitk/center_207_.jpg,center,nitk
data/processed/nitk/center_511_1_.jpg,center,nitk
data/processed/nitk/center_192a.jpg,center,nitk
data/processed/nitk/center_520a (3).jpg,center,nitk
data/processed/nitk/center_280.jpg,center,nitk
data/processed/nitk/center_551__.jpg,center,nitk
data/processed/nitk/center_600_.jpg,center,nitk
data/processed/nitk/center_184a.jpg,center,nitk
data/processed/nitk/center_495_.jpg,center,nitk
data/processed/nitk/center_63_1_ (2).jpg,center,nitk
data/processed/nitk/center_37_.jpg,center,nitk
data/processed/nitk/center_1918a.jpg,center,nitk
data/processed/nitk/center_929_.jpg,center,nitk
data/processed/nitk/center_image_81.jpg,center,nitk
data/processed/nitk/center_image_95.jpg,center,nitk
data/processed/nitk/center_809a (2).jpg,center,nitk
data/processed/nitk/center_186_1_.jpg,center,nitk
data/processed/nitk/center_616_.jpg,center,nitk
data/processed/nitk/center_1231_4_.jpg,center,nitk
data/processed/nitk/center_image_42.jpg,center,nitk
data/processed/nitk/center_946__.jpg,center,nitk
data/processed/nitk/center_image_3.jpg,center,nitk
data/processed/nitk/center_1252_4_.jpg,center,nitk
data/processed/nitk/center_image_107.jpg,center,nitk
data/processed/nitk/center_200_3_.jpg,center,nitk
data/processed/nitk/center_image_113.jpg,center,nitk
data/processed/nitk/center_36_1_ (2).jpg,center,nitk
data/processed/nitk/center_108_1_ (2).jpg,center,nitk
data/processed/nitk/center_568a (3).jpg,center,nitk
data/processed/nitk/center_354_.jpg,center,nitk
data/processed/nitk/center_569a (3).jpg,center,nitk
data/processed/nitk/center_5_1_.jpg,center,nitk
data/processed/nitk/center_22.jpg,center,nitk
data/processed/nitk/center_944__.jpg,center,nitk
data/processed/nitk/center_593__.jpg,center,nitk
data/processed/nitk/center_262a.jpg,center,nitk
data/processed/nitk/center_36a (2).jpg,center,nitk
data/processed/nitk/center_1007_1_.jpg,center,nitk
data/processed/nitk/center_image_139.jpg,center,nitk
data/processed/nitk/center_21_3_.jpg,center,nitk
data/processed/nitk/center_27_1_ (2).jpg,center,nitk
data/processed/nitk/center_10_1_ (2).jpg,center,nitk
data/processed/nitk/center_image_105.jpg,center,nitk
data/processed/nitk/center_65p.jpg,center,nitk
data/processed/nitk/center_889.jpg,center,nitk
data/processed/nitk/center_17_.jpg,center,nitk
data/processed/nitk/center_image_111.jpg,center,nitk
data/processed/nitk/center_2617a.jpg,center,nitk
data/processed/nitk/center_image_40.jpg,center,nitk
data/processed/nitk/center_231_.jpg,center,nitk
data/processed/nitk/center_1019_1_.jpg,center,nitk
data/processed/nitk/center_image_1.jpg,center,nitk
data/processed/nitk/center_image_54.jpg,center,nitk
data/processed/nitk/center_374_.jpg,center,nitk
data/processed/nitk/center_724_.jpg,center,nitk
data/processed/nitk/center_image_68.jpg,center,nitk
data/processed/nitk/center_10_1_.jpg,center,nitk
data/processed/nitk/center_image_83.jpg,center,nitk
data/processed/nitk/center_1064_1_.jpg,center,nitk
data/processed/nitk/center_44a.jpg,center,nitk
data/processed/nitk/center_image_97.jpg,center,nitk
data/processed/nitk/center_40_.jpg,center,nitk
data/processed/nitk/center_64_2_.jpg,center,nitk
data/processed/nitk/center_227_.jpg,center,nitk
data/processed/nitk/center_15_2_.jpg,center,nitk
data/processed/nitk/center_1015_1_.jpg,center,nitk
data/processed/nitk/center_282.jpg,center,nitk
data/processed/nitk/center_732_.jpg,center,nitk
data/processed/nitk/center_362_.jpg,center,nitk
data/processed/nitk/center_456o (2).jpg,center,nitk
data/processed/nitk/center_457o (2).jpg,center,nitk
data/processed/nitk/center_120_1_.jpg,center,nitk
data/processed/nitk/center_899__.jpg,center,nitk
data/processed/nitk/center_56_.jpg,center,nitk
data/processed/nitk/center_902.jpg,center,nitk
data/processed/nitk/center_50_3_.jpg,center,nitk
data/processed/nitk/center_553__.jpg,center,nitk
data/processed/nitk/center_274a.jpg,center,nitk
data/processed/nitk/center_587a (3).jpg,center,nitk
data/processed/nitk/center_1076_1_.jpg,center,nitk
data/processed/nitk/center_586a (3).jpg,center,nitk
data/processed/nitk/center_1884a.jpg,center,nitk
data/processed/nitk/center_73p.jpg,center,nitk
data/processed/nitk/center_1187a.jpg,center,nitk
data/processed/nitk/center_730.jpg,center,nitk
data/processed/nitk/center_562a (3).jpg,center,nitk
data/processed/nitk/center_78_3_.jpg,center,nitk
data/processed/nitk/center_2553a.jpg,center,nitk
data/processed/nitk/center_718.jpg,center,nitk
data/processed/nitk/center_150p.jpg,center,nitk
data/processed/nitk/center_1057_2_.jpg,center,nitk
data/processed/nitk/center_497__.jpg,center,nitk
data/processed/nitk/center_144_3_.jpg,center,nitk
data/processed/nitk/center_254.jpg,center,nitk
data/processed/nitk/center_66_3_.jpg,center,nitk
data/processed/nitk/center_56 (2).jpg,center,nitk
data/processed/nitk/center_493_1_.jpg,center,nitk
data/processed/nitk/center_495__ (2).jpg,center,nitk
data/processed/nitk/center_577__.jpg,center,nitk
data/processed/nitk/center_107p.jpg,center,nitk
data/processed/nitk/center_1902a.jpg,center,nitk
data/processed/nitk/center_1040_1_.jpg,center,nitk
data/processed/nitk/center_933_.jpg,center,nitk
data/processed/nitk/center_899_.jpg,center,nitk
data/processed/nitk/center_171a.jpg,center,nitk
data/processed/nitk/center_1031_1_.jpg,center,nitk
data/processed/nitk/center_40a (2).jpg,center,nitk
data/processed/nitk/center_image_96.jpg,center,nitk
data/processed/nitk/center_image_82.jpg,center,nitk
data/processed/nitk/center_921a.jpg,center,nitk
data/processed/nitk/center_1914a.jpg,center,nitk
data/processed/nitk/center_image_69.jpg,center,nitk
data/processed/nitk/center_111p.jpg,center,nitk
data/processed/nitk/center_188a.jpg,center,nitk
data/processed/nitk/center_1447a.jpg,center,nitk
data/processed/nitk/center_image_0.jpg,center,nitk
data/processed/nitk/center_image_55.jpg,center,nitk
data/processed/nitk/center_34 (2).jpg,center,nitk
data/processed/nitk/center_91_1_ (2).jpg,center,nitk
data/processed/nitk/center_960__.jpg,center,nitk
data/processed/nitk/center_17_3_.jpg,center,nitk
data/processed/nitk/center_925_.jpg,center,nitk
data/processed/nitk/center_image_110.jpg,center,nitk
data/processed/nitk/center_219a.jpg,center,nitk
data/processed/nitk/center_708_.jpg,center,nitk
data/processed/nitk/center_image_104.jpg,center,nitk
data/processed/nitk/center_358_.jpg,center,nitk
data/processed/nitk/center_1026_2_.jpg,center,nitk
data/processed/nitk/center_image_138.jpg,center,nitk
data/processed/nitk/center_146p.jpg,center,nitk
data/processed/nitk/center_1943a.jpg,center,nitk
data/processed/nitk/center_87a.jpg,center,nitk
data/processed/nitk/center_880__.jpg,center,nitk
data/processed/nitk/center_52_3_.jpg,center,nitk
data/processed/nitk/center_147p.jpg,center,nitk
data/processed/nitk/center_1942a.jpg,center,nitk
data/processed/nitk/center_2a.jpg,center,nitk
data/processed/nitk/center_1009_1_.jpg,center,nitk
data/processed/nitk/center_image_100.jpg,center,nitk
data/processed/nitk/center_74_2_.jpg,center,nitk
data/processed/nitk/center_image_114.jpg,center,nitk
data/processed/nitk/center_218a.jpg,center,nitk
data/processed/nitk/center_359_.jpg,center,nitk
data/processed/nitk/center_1074_1_.jpg,center,nitk
data/processed/nitk/center_image_128.jpg,center,nitk
data/processed/nitk/center_490o (2).jpg,center,nitk
data/processed/nitk/center_110p.jpg,center,nitk
data/processed/nitk/center_image_79.jpg,center,nitk
data/processed/nitk/center_1153a.jpg,center,nitk
data/processed/nitk/center_image_45.jpg,center,nitk
data/processed/nitk/center_image_51.jpg,center,nitk
data/processed/nitk/center_924_.jpg,center,nitk
data/processed/nitk/center_image_4.jpg,center,nitk
data/processed/nitk/center_324.jpg,center,nitk
data/processed/nitk/center_image_86.jpg,center,nitk
data/processed/nitk/center_31_3_.jpg,center,nitk
data/processed/nitk/center_image_92.jpg,center,nitk
data/processed/nitk/center_122_1_.jpg,center,nitk
data/processed/nitk/center_318.jpg,center,nitk
data/processed/nitk/center_1000a.jpg,center,nitk
data/processed/nitk/center_453__.jpg,center,nitk
data/processed/nitk/center_106p.jpg,center,nitk
data/processed/nitk/center_12_1_.jpg,center,nitk
data/processed/nitk/center_63a (2).jpg,center,nitk
data/processed/nitk/center_1012_2_.jpg,center,nitk
data/processed/nitk/center_28a.jpg,center,nitk
data/processed/nitk/center_873a.jpg,center,nitk
data/processed/nitk/center_898_.jpg,center,nitk
data/processed/nitk/center_62a (2).jpg,center,nitk
data/processed/nitk/center_66_2_.jpg,center,nitk
data/processed/nitk/center_2010a.jpg,center,nitk
data/processed/nitk/center_879__.jpg,center,nitk
data/processed/nitk/center_508a (3).jpg,center,nitk
data/processed/nitk/center_963_2_.jpg,center,nitk
data/processed/nitk/center_509a (3).jpg,center,nitk
data/processed/nitk/center_151p.jpg,center,nitk
data/processed/nitk/center_77_1_ (2).jpg,center,nitk
data/processed/nitk/center_1005_1_.jpg,center,nitk
data/processed/nitk/center_127a.jpg,center,nitk
data/processed/nitk/center_563a (2).jpg,center,nitk
data/processed/nitk/center_734.jpg,center,nitk
data/processed/nitk/center_1078_1_.jpg,center,nitk
data/processed/nitk/center_162_3_.jpg,center,nitk
data/processed/nitk/center_130_1_.jpg,center,nitk
data/processed/nitk/center_23_3_.jpg,center,nitk
data/processed/nitk/center_709.jpg,center,nitk
data/processed/nitk/center_94_1_ (2).jpg,center,nitk
data/processed/nitk/center_2600a.jpg,center,nitk
data/processed/nitk/center_1885a.jpg,center,nitk
data/processed/nitk/center_483_1_.jpg,center,nitk
data/processed/nitk/center_735.jpg,center,nitk
data/processed/nitk/center_72p.jpg,center,nitk
data/processed/nitk/center_15a (2).jpg,center,nitk
data/processed/nitk/center_912.jpg,center,nitk
data/processed/nitk/center_2529a.jpg,center,nitk
data/processed/nitk/center_1050_1_.jpg,center,nitk
data/processed/nitk/center_1610a.jpg,center,nitk
data/processed/nitk/center_50_2_.jpg,center,nitk
data/processed/nitk/center_275a.jpg,center,nitk
data/processed/nitk/center_33_2_.jpg,center,nitk
data/processed/nitk/center_129_3_.jpg,center,nitk
data/processed/nitk/center_279.jpg,center,nitk
data/processed/nitk/center_172_2_.jpg,center,nitk
data/processed/nitk/center_1033_1_.jpg,center,nitk
data/processed/nitk/center_154_3_.jpg,center,nitk
data/processed/nitk/center_15_3_.jpg,center,nitk
data/processed/nitk/center_905__.jpg,center,nitk
data/processed/nitk/center_86a (2).jpg,center,nitk
data/processed/nitk/center_87a (2).jpg,center,nitk
data/processed/nitk/center_1128a.jpg,center,nitk
data/processed/nitk/center_image_93.jpg,center,nitk
data/processed/nitk/center_476__ (2).jpg,center,nitk
data/processed/nitk/center_938__.jpg,center,nitk
data/processed/nitk/center_image_87.jpg,center,nitk
data/processed/nitk/center_45a.jpg,center,nitk
data/processed/nitk/center_360 (2).jpg,center,nitk
data/processed/nitk/center_41_.jpg,center,nitk
data/processed/nitk/center_491_1_.jpg,center,nitk
data/processed/nitk/center_177_1_.jpg,center,nitk
data/processed/nitk/center_1042_1_.jpg,center,nitk
data/processed/nitk/center_100a (2).jpg,center,nitk
data/processed/nitk/center_475o (2).jpg,center,nitk
data/processed/nitk/center_image_5.jpg,center,nitk
data/processed/nitk/center_2568a.jpg,center,nitk
data/processed/nitk/center_230_.jpg,center,nitk
data/processed/nitk/center_101a (2).jpg,center,nitk
data/processed/nitk/center_image_44.jpg,center,nitk
data/processed/nitk/center_100_1_ (2).jpg,center,nitk
data/processed/nitk/center_375_.jpg,center,nitk
data/processed/nitk/center_19_3_.jpg,center,nitk
data/processed/nitk/center_557__.jpg,center,nitk
data/processed/nitk/center_image_78.jpg,center,nitk
data/processed/nitk/center_42_2_.jpg,center,nitk
data/processed/nitk/center_image_129.jpg,center,nitk
data/processed/nitk/center_908_.jpg,center,nitk
data/processed/nitk/center_1190a.jpg,center,nitk
data/processed/nitk/center_image_115.jpg,center,nitk
data/processed/nitk/center_64p.jpg,center,nitk
data/processed/nitk/center_899.jpg,center,nitk
data/processed/nitk/center_image_101.jpg,center,nitk
data/processed/nitk/center_1939a.jpg,center,nitk
data/processed/nitk/center_25 (2).jpg,center,nitk
data/processed/nitk/center_799a.jpg,center,nitk
data/processed/nitk/center_1055_2_.jpg,center,nitk
data/processed/nitk/center_702o.jpg,center,nitk
data/processed/nitk/center_226_3_.jpg,center,nitk
data/processed/nitk/center_18.jpg,center,nitk
data/processed/nitk/center_568a (2).jpg,center,nitk
data/processed/nitk/center_214a.jpg,center,nitk
data/processed/nitk/center_705_.jpg,center,nitk
data/processed/nitk/center_13 (2).jpg,center,nitk
data/processed/nitk/center_191_3_.jpg,center,nitk
data/processed/nitk/center_24.jpg,center,nitk
data/processed/nitk/center_210_.jpg,center,nitk
data/processed/nitk/center_61_.jpg,center,nitk
data/processed/nitk/center_image_117.jpg,center,nitk
data/processed/nitk/center_200_2_.jpg,center,nitk
data/processed/nitk/center_image_103.jpg,center,nitk
data/processed/nitk/center_994a.jpg,center,nitk
data/processed/nitk/center_990_2_.jpg,center,nitk
data/processed/nitk/center_image_7.jpg,center,nitk
data/processed/nitk/center_image_52.jpg,center,nitk
data/processed/nitk/center_image_46.jpg,center,nitk
data/processed/nitk/center_503a (3).jpg,center,nitk
data/processed/nitk/center_185a.jpg,center,nitk
data/processed/nitk/center_886a.jpg,center,nitk
data/processed/nitk/center_1919a.jpg,center,nitk
data/processed/nitk/center_333.jpg,center,nitk
data/processed/nitk/center_448__.jpg,center,nitk
data/processed/nitk/center_928_.jpg,center,nitk
data/processed/nitk/center_346 (2).jpg,center,nitk
data/processed/nitk/center_image_91.jpg,center,nitk
data/processed/nitk/center_869a.jpg,center,nitk
data/processed/nitk/center_356 (2).jpg,center,nitk
data/processed/nitk/center_image_85.jpg,center,nitk
data/processed/nitk/center_440o (2).jpg,center,nitk
data/processed/nitk/center_183_3_.jpg,center,nitk
data/processed/nitk/center_1630a.jpg,center,nitk
data/processed/nitk/center_500o (2).jpg,center,nitk
data/processed/nitk/center_255a.jpg,center,nitk
data/processed/nitk/center_501o (2).jpg,center,nitk
data/processed/nitk/center_601_.jpg,center,nitk
data/processed/nitk/center_253.jpg,center,nitk
data/processed/nitk/center_890a.jpg,center,nitk
data/processed/nitk/center_247.jpg,center,nitk
data/processed/nitk/center_482_.jpg,center,nitk
data/processed/nitk/center_193a.jpg,center,nitk
data/processed/nitk/center_197_.jpg,center,nitk
data/processed/nitk/center_713_.jpg,center,nitk
data/processed/nitk/center_487__ (2).jpg,center,nitk
data/processed/nitk/center_21a (2).jpg,center,nitk
data/processed/nitk/center_529_1_.jpg,center,nitk
data/processed/nitk/center_907__.jpg,center,nitk
data/processed/nitk/center_723.jpg,center,nitk
data/processed/nitk/center_61 (2).jpg,center,nitk
data/processed/nitk/center_205_1_.jpg,center,nitk
data/processed/nitk/center_722.jpg,center,nitk
data/processed/nitk/center_501_1_.jpg,center,nitk
data/processed/nitk/center_718o.jpg,center,nitk
data/processed/nitk/center_7_1_.jpg,center,nitk
data/processed/nitk/center_6a (2).jpg,center,nitk
data/processed/nitk/center_91p.jpg,center,nitk
data/processed/nitk/center_126p.jpg,center,nitk
data/processed/nitk/center_89_3_.jpg,center,nitk
data/processed/nitk/center_193_2_.jpg,center,nitk
data/processed/nitk/center_886__.jpg,center,nitk
data/processed/nitk/center_916a.jpg,center,nitk
data/processed/nitk/center_57a (2).jpg,center,nitk
data/processed/nitk/center_246.jpg,center,nitk
data/processed/nitk/center_804a.jpg,center,nitk
data/processed/nitk/center_33_1_ (2).jpg,center,nitk
data/processed/nitk/center_29p.jpg,center,nitk
data/processed/nitk/center_image_84.jpg,center,nitk
data/processed/nitk/center_image_90.jpg,center,nitk
data/processed/nitk/center_210_3_.jpg,center,nitk
data/processed/nitk/center_513_1_.jpg,center,nitk
data/processed/nitk/center_image_47.jpg,center,nitk
data/processed/nitk/center_image_6.jpg,center,nitk
data/processed/nitk/center_111a.jpg,center,nitk
data/processed/nitk/center_image_53.jpg,center,nitk
data/processed/nitk/center_814a (2).jpg,center,nitk
data/processed/nitk/center_181_2_.jpg,center,nitk
data/processed/nitk/center_571__.jpg,center,nitk
data/processed/nitk/center_2533a.jpg,center,nitk
data/processed/nitk/center_99_1_ (2).jpg,center,nitk
data/processed/nitk/center_image_102.jpg,center,nitk
data/processed/nitk/center_image_116.jpg,center,nitk
data/processed/nitk/center_146a.jpg,center,nitk
data/processed/nitk/center_87p.jpg,center,nitk
data/processed/nitk/center_130p.jpg,center,nitk
data/processed/nitk/center_68p.jpg,center,nitk
data/processed/nitk/center_497o (2).jpg,center,nitk
data/processed/nitk/center_1046_1_.jpg,center,nitk
data/processed/nitk/center_4.jpg,center,nitk
data/processed/nitk/center_496o (2).jpg,center,nitk
data/processed/nitk/center_552__.jpg,center,nitk
data/processed/nitk/center_264a.jpg,center,nitk
data/processed/nitk/center_1601a.jpg,center,nitk
data/processed/nitk/center_705o.jpg,center,nitk
data/processed/nitk/center_1178a.jpg,center,nitk
data/processed/nitk/center_15a.jpg,center,nitk
data/processed/nitk/center_978__.jpg,center,nitk
data/processed/nitk/center_1032_2_.jpg,center,nitk
data/processed/nitk/center_1894a.jpg,center,nitk
data/processed/nitk/center_2611a.jpg,center,nitk
data/processed/nitk/center_495_1_.jpg,center,nitk
data/processed/nitk/center_1197a.jpg,center,nitk
data/processed/nitk/center_63p.jpg,center,nitk
data/processed/nitk/center_121_3_.jpg,center,nitk
data/processed/nitk/center_471__ (2).jpg,center,nitk
data/processed/nitk/center_image_34.jpg,center,nitk
data/processed/nitk/center_547a (3).jpg,center,nitk
data/processed/nitk/center_image_20.jpg,center,nitk
data/processed/nitk/center_1058_1_.jpg,center,nitk
data/processed/nitk/center_233a.jpg,center,nitk
data/processed/nitk/center_1590a.jpg,center,nitk
data/processed/nitk/center_46_.jpg,center,nitk
data/processed/nitk/center_2579a.jpg,center,nitk
data/processed/nitk/center_221_.jpg,center,nitk
data/processed/nitk/center_590.jpg,center,nitk
data/processed/nitk/center_584.jpg,center,nitk
data/processed/nitk/center_133_3_.jpg,center,nitk
data/processed/nitk/center_487_1_.jpg,center,nitk
data/processed/nitk/center_50_.jpg,center,nitk
data/processed/nitk/center_465__ (2).jpg,center,nitk
data/processed/nitk/center_24__ (2).jpg,center,nitk
data/processed/nitk/center_945__.jpg,center,nitk
data/processed/nitk/center_64a (2).jpg,center,nitk
data/processed/nitk/center_713o.jpg,center,nitk
data/processed/nitk/center_499_1_.jpg,center,nitk
data/processed/nitk/center_858a.jpg,center,nitk
data/processed/nitk/center_919_.jpg,center,nitk
data/processed/nitk/center_37_2_.jpg,center,nitk
data/processed/nitk/center_176_2_.jpg,center,nitk
data/processed/nitk/center_75p.jpg,center,nitk
data/processed/nitk/center_1181a.jpg,center,nitk
data/processed/nitk/center_2607a.jpg,center,nitk
data/processed/nitk/center_178_3_.jpg,center,nitk
data/processed/nitk/center_744.jpg,center,nitk
data/processed/nitk/center_348_.jpg,center,nitk
data/processed/nitk/center_209a.jpg,center,nitk
data/processed/nitk/center_778.jpg,center,nitk
data/processed/nitk/center_105_3_.jpg,center,nitk
data/processed/nitk/center_156p.jpg,center,nitk
data/processed/nitk/center_81a (2).jpg,center,nitk
data/processed/nitk/center_80a (2).jpg,center,nitk
data/processed/nitk/center_134_1_.jpg,center,nitk
data/processed/nitk/center_208.jpg,center,nitk
data/processed/nitk/center_27_3_.jpg,center,nitk
data/processed/nitk/center_12a (2).jpg,center,nitk
data/processed/nitk/center_870_.jpg,center,nitk
data/processed/nitk/center_101p.jpg,center,nitk
data/processed/nitk/center_585.jpg,center,nitk
data/processed/nitk/center_198a.jpg,center,nitk
data/processed/nitk/center_59p.jpg,center,nitk
data/processed/nitk/center_591.jpg,center,nitk
data/processed/nitk/center_1142a.jpg,center,nitk
data/processed/nitk/center_924__.jpg,center,nitk
data/processed/nitk/center_874a.jpg,center,nitk
data/processed/nitk/center_961__.jpg,center,nitk
data/processed/nitk/center_70_2_.jpg,center,nitk
data/processed/nitk/center_919__.jpg,center,nitk
data/processed/nitk/center_576__.jpg,center,nitk
data/processed/nitk/center_55 (2).jpg,center,nitk
data/processed/nitk/center_45 (2).jpg,center,nitk
data/processed/nitk/center_1912a.jpg,center,nitk
data/processed/nitk/center_145_1_.jpg,center,nitk
data/processed/nitk/center_927a.jpg,center,nitk
data/processed/nitk/center_117p.jpg,center,nitk
data/processed/nitk/center_866_.jpg,center,nitk
data/processed/nitk/center_image_21.jpg,center,nitk
data/processed/nitk/center_862a.jpg,center,nitk
data/processed/nitk/center_889_.jpg,center,nitk
data/processed/nitk/center_923_.jpg,center,nitk
data/processed/nitk/center_161a.jpg,center,nitk
data/processed/nitk/center_image_35.jpg,center,nitk
data/processed/nitk/center_531a (3).jpg,center,nitk
data/processed/nitk/center_1067_2_.jpg,center,nitk
data/processed/nitk/center_35_3_.jpg,center,nitk
data/processed/nitk/center_174_3_.jpg,center,nitk
data/processed/nitk/center_140p.jpg,center,nitk
data/processed/nitk/center_81a.jpg,center,nitk
data/processed/nitk/center_472o (2).jpg,center,nitk
data/processed/nitk/center_116_1_ (2).jpg,center,nitk
data/processed/nitk/center_48_3_.jpg,center,nitk
data/processed/nitk/center_7.jpg,center,nitk
data/processed/nitk/center_39_1_ (2).jpg,center,nitk
data/processed/nitk/center_107_1_ (2).jpg,center,nitk
data/processed/nitk/center_141a.jpg,center,nitk
data/processed/nitk/center_1174a.jpg,center,nitk
data/processed/nitk/center_80p.jpg,center,nitk
data/processed/nitk/center_505a (3).jpg,center,nitk
data/processed/nitk/center_907a.jpg,center,nitk
data/processed/nitk/center_504a (3).jpg,center,nitk
data/processed/nitk/center_137p.jpg,center,nitk
data/processed/nitk/center_214_3_.jpg,center,nitk
data/processed/nitk/center_517_1_.jpg,center,nitk
data/processed/nitk/center_1246_4_.jpg,center,nitk
data/processed/nitk/center_1123a.jpg,center,nitk
data/processed/nitk/center_image_23.jpg,center,nitk
data/processed/nitk/center_116a.jpg,center,nitk
data/processed/nitk/center_image_37.jpg,center,nitk
data/processed/nitk/center_1225_4_.jpg,center,nitk
data/processed/nitk/center_815a.jpg,center,nitk
data/processed/nitk/center_160p.jpg,center,nitk
data/processed/nitk/center_509_1_.jpg,center,nitk
data/processed/nitk/center_2563a.jpg,center,nitk
data/processed/nitk/center_3_1_.jpg,center,nitk
data/processed/nitk/center_942_.jpg,center,nitk
data/processed/nitk/center_1_1_ (2).jpg,center,nitk
data/processed/nitk/center_26a (2).jpg,center,nitk
data/processed/nitk/center_1229_4_.jpg,center,nitk
data/processed/nitk/center_946a.jpg,center,nitk
data/processed/nitk/center_93_1_ (2).jpg,center,nitk
data/processed/nitk/center_222.jpg,center,nitk
data/processed/nitk/center_505_1_.jpg,center,nitk
data/processed/nitk/center_96p.jpg,center,nitk
data/processed/nitk/center_189_2_.jpg,center,nitk
data/processed/nitk/center_854a.jpg,center,nitk
data/processed/nitk/center_121p.jpg,center,nitk
data/processed/nitk/center_79p.jpg,center,nitk
data/processed/nitk/center_746.jpg,center,nitk
data/processed/nitk/center_549__.jpg,center,nitk
data/processed/nitk/center_753.jpg,center,nitk
data/processed/nitk/center_51a (2).jpg,center,nitk
data/processed/nitk/center_74a.jpg,center,nitk
data/processed/nitk/center_205a.jpg,center,nitk
data/processed/nitk/center_790.jpg,center,nitk
data/processed/nitk/center_998_2_.jpg,center,nitk
data/processed/nitk/center_55p.jpg,center,nitk
data/processed/nitk/center_485_.jpg,center,nitk
data/processed/nitk/center_237.jpg,center,nitk
data/processed/nitk/center_223.jpg,center,nitk
data/processed/nitk/center_897a.jpg,center,nitk
data/processed/nitk/center_878a.jpg,center,nitk
data/processed/nitk/center_939_.jpg,center,nitk
data/processed/nitk/center_23a.jpg,center,nitk
data/processed/nitk/center_201_1_.jpg,center,nitk
data/processed/nitk/center_1a (2).jpg,center,nitk
data/processed/nitk/center_986_2_.jpg,center,nitk
data/processed/nitk/center_252a.jpg,center,nitk
data/processed/nitk/center_699o.jpg,center,nitk
data/processed/nitk/center_586.jpg,center,nitk
data/processed/nitk/center_199_3_.jpg,center,nitk
data/processed/nitk/center_606_.jpg,center,nitk
data/processed/nitk/center_590__.jpg,center,nitk
data/processed/nitk/center_902__.jpg,center,nitk
data/processed/nitk/center_47_1_ (2).jpg,center,nitk
data/processed/nitk/center_2631a.jpg,center,nitk
data/processed/nitk/center_182a.jpg,center,nitk
data/processed/nitk/center_1158a.jpg,center,nitk
data/processed/nitk/center_35a.jpg,center,nitk
data/processed/nitk/center_573a (3).jpg,center,nitk
data/processed/nitk/center_521_1_.jpg,center,nitk
data/processed/nitk/center_1621a.jpg,center,nitk
data/processed/nitk/center_725o.jpg,center,nitk
data/processed/nitk/center_380.jpg,center,nitk
data/processed/nitk/center_195_3_.jpg,center,nitk
data/processed/nitk/center_image_36.jpg,center,nitk
data/processed/nitk/center_image_22.jpg,center,nitk
data/processed/nitk/center_18a (2).jpg,center,nitk
data/processed/nitk/center_9a.jpg,center,nitk
data/processed/nitk/center_993a.jpg,center,nitk
data/processed/nitk/center_494__ (2).jpg,center,nitk
data/processed/nitk/center_2.jpg,center,nitk
data/processed/nitk/center_216_.jpg,center,nitk
data/processed/nitk/center_1235_4_.jpg,center,nitk
data/processed/nitk/center_62 (2).jpg,center,nitk
data/processed/nitk/center_906__.jpg,center,nitk
data/processed/nitk/center_518a (3).jpg,center,nitk
data/processed/nitk/center_1248_4_.jpg,center,nitk
data/processed/nitk/center_63a.jpg,center,nitk
data/processed/nitk/center_519_1_.jpg,center,nitk
data/processed/nitk/center_1620a.jpg,center,nitk
data/processed/nitk/center_724o.jpg,center,nitk
data/processed/nitk/center_1_1_.jpg,center,nitk
data/processed/nitk/center_image_26.jpg,center,nitk
data/processed/nitk/center_611_.jpg,center,nitk
data/processed/nitk/center_image_32.jpg,center,nitk
data/processed/nitk/center_1256_4_.jpg,center,nitk
data/processed/nitk/center_880a.jpg,center,nitk
data/processed/nitk/center_30_.jpg,center,nitk
data/processed/nitk/center_204_3_.jpg,center,nitk
data/processed/nitk/center_183a.jpg,center,nitk
data/processed/nitk/center_507_1_.jpg,center,nitk
data/processed/nitk/center_572a (2).jpg,center,nitk
data/processed/nitk/center_1159a.jpg,center,nitk
data/processed/nitk/center_884_.jpg,center,nitk
data/processed/nitk/center_83_3_.jpg,center,nitk
data/processed/nitk/center_345 (2).jpg,center,nitk
data/processed/nitk/center_607_.jpg,center,nitk
data/processed/nitk/center_1227_4_.jpg,center,nitk
data/processed/nitk/center_550a (3).jpg,center,nitk
data/processed/nitk/center_190_1_.jpg,center,nitk
data/processed/nitk/center_227.jpg,center,nitk
data/processed/nitk/center_484_.jpg,center,nitk
data/processed/nitk/center_195a.jpg,center,nitk
data/processed/nitk/center_1909a.jpg,center,nitk
data/processed/nitk/center_2626a.jpg,center,nitk
data/processed/nitk/center_208_3_.jpg,center,nitk
data/processed/nitk/center_102_1_ (2).jpg,center,nitk
data/processed/nitk/center_938_.jpg,center,nitk
data/processed/nitk/center_191_.jpg,center,nitk
data/processed/nitk/center_715_.jpg,center,nitk
data/processed/nitk/center_780.jpg,center,nitk
data/processed/nitk/center_794.jpg,center,nitk
data/processed/nitk/center_1239_4_.jpg,center,nitk
data/processed/nitk/center_200_.jpg,center,nitk
data/processed/nitk/center_69_1_ (2).jpg,center,nitk
data/processed/nitk/center_515_1_.jpg,center,nitk
data/processed/nitk/center_71_.jpg,center,nitk
data/processed/nitk/center_1244_4_.jpg,center,nitk
data/processed/nitk/center_211_1_.jpg,center,nitk
data/processed/nitk/center_477__ (2).jpg,center,nitk
data/processed/nitk/center_526a (3).jpg,center,nitk
data/processed/nitk/center_527a (3).jpg,center,nitk
data/processed/nitk/center_97p.jpg,center,nitk
data/processed/nitk/center_1163a.jpg,center,nitk
data/processed/nitk/center_156a.jpg,center,nitk
data/processed/nitk/center_189_3_.jpg,center,nitk
data/processed/nitk/center_855a.jpg,center,nitk
data/processed/nitk/center_120p.jpg,center,nitk
data/processed/nitk/center_465o (2).jpg,center,nitk
data/processed/nitk/center_1925a.jpg,center,nitk
data/processed/nitk/center_996_2_.jpg,center,nitk
data/processed/nitk/center_78p.jpg,center,nitk
data/processed/nitk/center_847a (2).jpg,center,nitk
data/processed/nitk/center_1134a.jpg,center,nitk
data/processed/nitk/center_988_2_.jpg,center,nitk
data/processed/nitk/center_523_1_.jpg,center,nitk
data/processed/nitk/center_197_3_.jpg,center,nitk
data/processed/nitk/center_20_1_ (2).jpg,center,nitk
data/processed/nitk/center_81_2_.jpg,center,nitk
data/processed/nitk/center_117a.jpg,center,nitk
data/processed/nitk/center_image_27.jpg,center,nitk
data/processed/nitk/center_967__.jpg,center,nitk
data/processed/nitk/center_161p.jpg,center,nitk
data/processed/nitk/center_1437a.jpg,center,nitk
data/processed/nitk/center_286a.jpg,center,nitk
data/processed/nitk/center_42_1_ (2).jpg,center,nitk
data/processed/nitk/center_2535a.jpg,center,nitk
data/processed/nitk/center_75_1_ (2).jpg,center,nitk
data/processed/nitk/center_708o.jpg,center,nitk
data/processed/nitk/center_18a.jpg,center,nitk
data/processed/nitk/center_140a.jpg,center,nitk
data/processed/nitk/center_3.jpg,center,nitk
data/processed/nitk/center_463__ (2).jpg,center,nitk
data/processed/nitk/center_81p.jpg,center,nitk
data/processed/nitk/center_185_3_.jpg,center,nitk
data/processed/nitk/center_1933a.jpg,center,nitk
data/processed/nitk/center_136p.jpg,center,nitk
data/processed/nitk/center_4a.jpg,center,nitk
data/processed/nitk/center_152_3_.jpg,center,nitk
data/processed/nitk/center_84_.jpg,center,nitk
data/processed/nitk/center_920__.jpg,center,nitk
data/processed/nitk/center_13_3_.jpg,center,nitk
data/processed/nitk/center_1.jpg,center,nitk
data/processed/nitk/center_965__.jpg,center,nitk
data/processed/nitk/center_839_1_.jpg,center,nitk
data/processed/nitk/center_image_148.jpg,center,nitk
data/processed/nitk/center_2542a.jpg,center,nitk
data/processed/nitk/center_35_2_.jpg,center,nitk
data/processed/nitk/center_53_1_ (2).jpg,center,nitk
data/processed/nitk/center_116p.jpg,center,nitk
data/processed/nitk/center_image_31.jpg,center,nitk
data/processed/nitk/center_30a (2).jpg,center,nitk
data/processed/nitk/center_922_.jpg,center,nitk
data/processed/nitk/center_1155a.jpg,center,nitk
data/processed/nitk/center_31a (2).jpg,center,nitk
data/processed/nitk/center_70_3_.jpg,center,nitk
data/processed/nitk/center_728o.jpg,center,nitk
data/processed/nitk/center_1022_2_.jpg,center,nitk
data/processed/nitk/center_378.jpg,center,nitk
data/processed/nitk/center_871_.jpg,center,nitk
data/processed/nitk/center_595.jpg,center,nitk
data/processed/nitk/center_100p.jpg,center,nitk
data/processed/nitk/center_930a.jpg,center,nitk
data/processed/nitk/center_199a.jpg,center,nitk
data/processed/nitk/center_581.jpg,center,nitk
data/processed/nitk/center_58p.jpg,center,nitk
data/processed/nitk/center_1053_2_.jpg,center,nitk
data/processed/nitk/center_1027_1_.jpg,center,nitk
data/processed/nitk/center_224.jpg,center,nitk
data/processed/nitk/center_581a (3).jpg,center,nitk
data/processed/nitk/center_489_1_.jpg,center,nitk
data/processed/nitk/center_512a (3).jpg,center,nitk
data/processed/nitk/center_513a (3).jpg,center,nitk
data/processed/nitk/center_157p.jpg,center,nitk
data/processed/nitk/center_79a.jpg,center,nitk
data/processed/nitk/center_121a.jpg,center,nitk
data/processed/nitk/center_451o (2).jpg,center,nitk
data/processed/nitk/center_349_.jpg,center,nitk
data/processed/nitk/center_78a (2).jpg,center,nitk
data/processed/nitk/center_497_1_.jpg,center,nitk
data/processed/nitk/center_450o (2).jpg,center,nitk
data/processed/nitk/center_39_2_.jpg,center,nitk
data/processed/nitk/center_9_1_ (2).jpg,center,nitk
data/processed/nitk/center_768.jpg,center,nitk
data/processed/nitk/center_859a.jpg,center,nitk
data/processed/nitk/center_918_.jpg,center,nitk
data/processed/nitk/center_176_3_.jpg,center,nitk
data/processed/nitk/center_769.jpg,center,nitk
data/processed/nitk/center_74p.jpg,center,nitk
data/processed/nitk/center_1180a.jpg,center,nitk
data/processed/nitk/center_1929a.jpg,center,nitk
data/processed/nitk/center_2606a.jpg,center,nitk
data/processed/nitk/center_969_2_.jpg,center,nitk
data/processed/nitk/center_11_2_.jpg,center,nitk
data/processed/nitk/center_782.jpg,center,nitk
data/processed/nitk/center_1011_1_.jpg,center,nitk
data/processed/nitk/center_1018_2_.jpg,center,nitk
data/processed/nitk/center_796.jpg,center,nitk
data/processed/nitk/center_565a (3).jpg,center,nitk
data/processed/nitk/center_1138a.jpg,center,nitk
data/processed/nitk/center_113_1_ (2).jpg,center,nitk
data/processed/nitk/center_977_2_.jpg,center,nitk
data/processed/nitk/center_225.jpg,center,nitk
data/processed/nitk/center_51_.jpg,center,nitk
data/processed/nitk/center_168_3_.jpg,center,nitk
data/processed/nitk/center_557.jpg,center,nitk
data/processed/nitk/center_1006_2_.jpg,center,nitk
data/processed/nitk/center_556__.jpg,center,nitk
data/processed/nitk/center_54_3_.jpg,center,nitk
data/processed/nitk/center_224a.jpg,center,nitk
data/processed/nitk/center_365_.jpg,center,nitk
data/processed/nitk/center_147_1_.jpg,center,nitk
data/processed/nitk/center_5__ (2).jpg,center,nitk
data/processed/nitk/center_379.jpg,center,nitk
data/processed/nitk/center_1591a.jpg,center,nitk
data/processed/nitk/center_image_24.jpg,center,nitk
data/processed/nitk/center_image_30.jpg,center,nitk
data/processed/nitk/center_102__.jpg,center,nitk
data/processed/nitk/center_image_18.jpg,center,nitk
data/processed/nitk/center_image_149.jpg,center,nitk
data/processed/nitk/center_1060_1_.jpg,center,nitk
data/processed/nitk/center_60_2_.jpg,center,nitk
data/processed/nitk/center_128_1_.jpg,center,nitk
data/processed/nitk/center_2610a.jpg,center,nitk
data/processed/nitk/center_10_.jpg,center,nitk
data/processed/nitk/center_62p.jpg,center,nitk
data/processed/nitk/center_1014_2_.jpg,center,nitk
data/processed/nitk/center_87_1_ (2).jpg,center,nitk
data/processed/nitk/center_107_3_.jpg,center,nitk
data/processed/nitk/center_155_1_.jpg,center,nitk
data/processed/nitk/center_704o.jpg,center,nitk
data/processed/nitk/left_457p.jpg,left,nitk
data/processed/nitk/left_564a.jpg,left,nitk
data/processed/nitk/left_77.jpg,left,nitk
data/processed/nitk/left_619_7_.jpg,left,nitk
data/processed/nitk/left_1414a.jpg,left,nitk
data/processed/nitk/left_610_4_.jpg,left,nitk
data/processed/nitk/left_719_7_.jpg,left,nitk
data/processed/nitk/left_83a.jpg,left,nitk
data/processed/nitk/left_492_1_.jpg,left,nitk
data/processed/nitk/left_358a.jpg,left,nitk
data/processed/nitk/left_625_1_.jpg,left,nitk
data/processed/nitk/left_592_1_.jpg,left,nitk
data/processed/nitk/left_664_7_.jpg,left,nitk
data/processed/nitk/left_284p.jpg,left,nitk
data/processed/nitk/left_88.jpg,left,nitk
data/processed/nitk/left_1156a.jpg,left,nitk
data/processed/nitk/left_607_7_.jpg,left,nitk
data/processed/nitk/left_image_15.jpg,left,nitk
data/processed/nitk/left_925a.jpg,left,nitk
data/processed/nitk/left_1443a.jpg,left,nitk
data/processed/nitk/left_476a.jpg,left,nitk
data/processed/nitk/left_396p.jpg,left,nitk
data/processed/nitk/left_1290a.jpg,left,nitk
data/processed/nitk/left_447__.jpg,left,nitk
data/processed/nitk/left_416p.jpg,left,nitk
data/processed/nitk/left_1140a.jpg,left,nitk
data/processed/nitk/left_1455a.jpg,left,nitk
data/processed/nitk/left_602_4_.jpg,left,nitk
data/processed/nitk/left_1005a.jpg,left,nitk
data/processed/nitk/left_397__.jpg,left,nitk
data/processed/nitk/left_489_2_.jpg,left,nitk
data/processed/nitk/left_776_7_.jpg,left,nitk
data/processed/nitk/left_715_7_.jpg,left,nitk
data/processed/nitk/left_1117a.jpg,left,nitk
data/processed/nitk/left_441p.jpg,left,nitk
data/processed/nitk/left_61__.jpg,left,nitk
data/processed/nitk/left_654_1_.jpg,left,nitk
data/processed/nitk/left_292p.jpg,left,nitk
data/processed/nitk/left_1029a.jpg,left,nitk
data/processed/nitk/left_734_4_.jpg,left,nitk
data/processed/nitk/left_583_4_.jpg,left,nitk
data/processed/nitk/left_1183a.jpg,left,nitk
data/processed/nitk/left_159a.jpg,left,nitk
data/processed/nitk/left_509a.jpg,left,nitk
data/processed/nitk/left_499_3_.jpg,left,nitk
data/processed/nitk/left_761_.jpg,left,nitk
data/processed/nitk/left_640_7_.jpg,left,nitk
data/processed/nitk/left_343p.jpg,left,nitk
data/processed/nitk/left_206p.jpg,left,nitk
data/processed/nitk/left_426__.jpg,left,nitk
data/processed/nitk/left_274_.jpg,left,nitk
data/processed/nitk/left_809_.jpg,left,nitk
data/processed/nitk/left_482p.jpg,left,nitk
data/processed/nitk/left_948a.jpg,left,nitk
data/processed/nitk/left_56a.jpg,left,nitk
data/processed/nitk/left_314p.jpg,left,nitk
data/processed/nitk/left_736_.jpg,left,nitk
data/processed/nitk/left_1357a.jpg,left,nitk
data/processed/nitk/left_251p.jpg,left,nitk
data/processed/nitk/left_591_4_.jpg,left,nitk
data/processed/nitk/left_494p.jpg,left,nitk
data/processed/nitk/left_598_7_.jpg,left,nitk
data/processed/nitk/left_1438a.jpg,left,nitk
data/processed/nitk/left_118a.jpg,left,nitk
data/processed/nitk/left_1087a.jpg,left,nitk
data/processed/nitk/left_78__.jpg,left,nitk
data/processed/nitk/left_85__.jpg,left,nitk
data/processed/nitk/left_752_7_.jpg,left,nitk
data/processed/nitk/left_247p.jpg,left,nitk
data/processed/nitk/left_847_7_.jpg,left,nitk
data/processed/nitk/left_image_14.jpg,left,nitk
data/processed/nitk/left_1341a.jpg,left,nitk
data/processed/nitk/left_1195a.jpg,left,nitk
data/processed/nitk/left_495_3_.jpg,left,nitk
data/processed/nitk/left_595_3_.jpg,left,nitk
data/processed/nitk/left_909a.jpg,left,nitk
data/processed/nitk/left_17a.jpg,left,nitk
data/processed/nitk/left_1253a.jpg,left,nitk
data/processed/nitk/left_327_.jpg,left,nitk
data/processed/nitk/left_323a.jpg,left,nitk
data/processed/nitk/left_1316a.jpg,left,nitk
data/processed/nitk/left_262_.jpg,left,nitk
data/processed/nitk/left_76.jpg,left,nitk
data/processed/nitk/left_822.jpg,left,nitk
data/processed/nitk/left_645_4_.jpg,left,nitk
data/processed/nitk/left_267p.jpg,left,nitk
data/processed/nitk/left_74.jpg,left,nitk
data/processed/nitk/left_834.jpg,left,nitk
data/processed/nitk/left_211a.jpg,left,nitk
data/processed/nitk/left_1224a.jpg,left,nitk
data/processed/nitk/left_87__.jpg,left,nitk
data/processed/nitk/left_322p.jpg,left,nitk
data/processed/nitk/left_288p.jpg,left,nitk
data/processed/nitk/left_442_3_.jpg,left,nitk
data/processed/nitk/left_542_3_.jpg,left,nitk
data/processed/nitk/left_419_2_.jpg,left,nitk
data/processed/nitk/left_16p.jpg,left,nitk
data/processed/nitk/left_685_7_.jpg,left,nitk
data/processed/nitk/left_303a.jpg,left,nitk
data/processed/nitk/left_1336a.jpg,left,nitk
data/processed/nitk/left_242_.jpg,left,nitk
data/processed/nitk/left_785_7_.jpg,left,nitk
data/processed/nitk/left_image_16.jpg,left,nitk
data/processed/nitk/left_375p.jpg,left,nitk
data/processed/nitk/left_1273a.jpg,left,nitk
data/processed/nitk/left_757_.jpg,left,nitk
data/processed/nitk/left_573_1_.jpg,left,nitk
data/processed/nitk/left_307_.jpg,left,nitk
data/processed/nitk/left_546_4_.jpg,left,nitk
data/processed/nitk/left_495a.jpg,left,nitk
data/processed/nitk/left_507_2_.jpg,left,nitk
data/processed/nitk/left_929a.jpg,left,nitk
data/processed/nitk/left_476_2_.jpg,left,nitk
data/processed/nitk/left_311_.jpg,left,nitk
data/processed/nitk/left_741_.jpg,left,nitk
data/processed/nitk/left_363p.jpg,left,nitk
data/processed/nitk/left_550_3_.jpg,left,nitk
data/processed/nitk/left_450_3_.jpg,left,nitk
data/processed/nitk/left_21a.jpg,left,nitk
data/processed/nitk/left_797_7_.jpg,left,nitk
data/processed/nitk/left_529_4_.jpg,left,nitk
data/processed/nitk/left_47__.jpg,left,nitk
data/processed/nitk/left_468_2_.jpg,left,nitk
data/processed/nitk/left_533_3_.jpg,left,nitk
data/processed/nitk/left_334p.jpg,left,nitk
data/processed/nitk/left_1232a.jpg,left,nitk
data/processed/nitk/left_591a.jpg,left,nitk
data/processed/nitk/left_508p.jpg,left,nitk
data/processed/nitk/left_515_2_.jpg,left,nitk
data/processed/nitk/left_1249a.jpg,left,nitk
data/processed/nitk/left_297_.jpg,left,nitk
data/processed/nitk/left_339a.jpg,left,nitk
data/processed/nitk/left_440_2_.jpg,left,nitk
data/processed/nitk/left_782_.jpg,left,nitk
data/processed/nitk/left_1025a.jpg,left,nitk
data/processed/nitk/left_913a.jpg,left,nitk
data/processed/nitk/left_445__.jpg,left,nitk
data/processed/nitk/left_400__.jpg,left,nitk
data/processed/nitk/left_505a.jpg,left,nitk
data/processed/nitk/left_466_3_.jpg,left,nitk
data/processed/nitk/left_557_1_.jpg,left,nitk
data/processed/nitk/left_524p.jpg,left,nitk
data/processed/nitk/left_578_3_.jpg,left,nitk
data/processed/nitk/left_944a.jpg,left,nitk
data/processed/nitk/left_805_.jpg,left,nitk
data/processed/nitk/left_478_3_.jpg,left,nitk
data/processed/nitk/left_1072a.jpg,left,nitk
data/processed/nitk/left_102a.jpg,left,nitk
data/processed/nitk/left_63__.jpg,left,nitk
data/processed/nitk/left_239_.jpg,left,nitk
data/processed/nitk/left_1064a.jpg,left,nitk
data/processed/nitk/left_813_.jpg,left,nitk
data/processed/nitk/left_952a.jpg,left,nitk
data/processed/nitk/left_image_17.jpg,left,nitk
data/processed/nitk/left_474_3_.jpg,left,nitk
data/processed/nitk/left_477p.jpg,left,nitk
data/processed/nitk/left_526_1_.jpg,left,nitk
data/processed/nitk/left_544a.jpg,left,nitk
data/processed/nitk/left_359p.jpg,left,nitk
data/processed/nitk/left_809.jpg,left,nitk
data/processed/nitk/left_1463a.jpg,left,nitk
data/processed/nitk/left_456a.jpg,left,nitk
data/processed/nitk/left_1199a.jpg,left,nitk
data/processed/nitk/left_570_4_.jpg,left,nitk
data/processed/nitk/left_513a.jpg,left,nitk
data/processed/nitk/left_821.jpg,left,nitk
data/processed/nitk/left_6p.jpg,left,nitk
data/processed/nitk/left_835.jpg,left,nitk
data/processed/nitk/left_420p.jpg,left,nitk
data/processed/nitk/left_904a.jpg,left,nitk
data/processed/nitk/left_1198a.jpg,left,nitk
data/processed/nitk/left_831.jpg,left,nitk
data/processed/nitk/left_795_7_.jpg,left,nitk
data/processed/nitk/left_825.jpg,left,nitk
data/processed/nitk/left_421p.jpg,left,nitk
data/processed/nitk/left_695_7_.jpg,left,nitk
data/processed/nitk/left_417_2_.jpg,left,nitk
data/processed/nitk/left_280_.jpg,left,nitk
data/processed/nitk/left_358p.jpg,left,nitk
data/processed/nitk/left_517_2_.jpg,left,nitk
data/processed/nitk/left_795_.jpg,left,nitk
data/processed/nitk/left_682_4_.jpg,left,nitk
data/processed/nitk/left_1435a.jpg,left,nitk
data/processed/nitk/left_1065a.jpg,left,nitk
data/processed/nitk/left_499p.jpg,left,nitk
data/processed/nitk/left_953a.jpg,left,nitk
data/processed/nitk/left_535_4_.jpg,left,nitk
data/processed/nitk/left_476p.jpg,left,nitk
data/processed/nitk/left_1120a.jpg,left,nitk
data/processed/nitk/left_115a.jpg,left,nitk
data/processed/nitk/left_image_13.jpg,left,nitk
data/processed/nitk/left_548_4_.jpg,left,nitk
data/processed/nitk/left_409_2_.jpg,left,nitk
data/processed/nitk/left_391__.jpg,left,nitk
data/processed/nitk/left_500_1_.jpg,left,nitk
data/processed/nitk/left_509_2_.jpg,left,nitk
data/processed/nitk/left_452_3_.jpg,left,nitk
data/processed/nitk/left_525p.jpg,left,nitk
data/processed/nitk/left_523_3_.jpg,left,nitk
data/processed/nitk/left_478_2_.jpg,left,nitk
data/processed/nitk/left_103a.jpg,left,nitk
data/processed/nitk/left_687_7_.jpg,left,nitk
data/processed/nitk/left_1136a.jpg,left,nitk
data/processed/nitk/left_460p.jpg,left,nitk
data/processed/nitk/left_92 (2).jpg,left,nitk
data/processed/nitk/left_505_2_.jpg,left,nitk
data/processed/nitk/left_319p.jpg,left,nitk
data/processed/nitk/left_439__.jpg,left,nitk
data/processed/nitk/left_544_4_.jpg,left,nitk
data/processed/nitk/left_690_4_.jpg,left,nitk
data/processed/nitk/left_154a.jpg,left,nitk
data/processed/nitk/left_1248a.jpg,left,nitk
data/processed/nitk/left_338a.jpg,left,nitk
data/processed/nitk/left_279_.jpg,left,nitk
data/processed/nitk/left_783_.jpg,left,nitk
data/processed/nitk/left_77a.jpg,left,nitk
data/processed/nitk/left_590a.jpg,left,nitk
data/processed/nitk/left_828_.jpg,left,nitk
data/processed/nitk/left_547_1_.jpg,left,nitk
data/processed/nitk/left_969a.jpg,left,nitk
data/processed/nitk/left_509p.jpg,left,nitk
data/processed/nitk/left_515_3_.jpg,left,nitk
data/processed/nitk/left_1376a.jpg,left,nitk
data/processed/nitk/left_568_3_.jpg,left,nitk
data/processed/nitk/left_550_2_.jpg,left,nitk
data/processed/nitk/left_178a.jpg,left,nitk
data/processed/nitk/left_528a.jpg,left,nitk
data/processed/nitk/left_559_1_.jpg,left,nitk
data/processed/nitk/left_20a.jpg,left,nitk
data/processed/nitk/left_894a.jpg,left,nitk
data/processed/nitk/left_227p.jpg,left,nitk
data/processed/nitk/left_476_3_.jpg,left,nitk
data/processed/nitk/left_524_1_.jpg,left,nitk
data/processed/nitk/left_576_3_.jpg,left,nitk
data/processed/nitk/left_1321a.jpg,left,nitk
data/processed/nitk/left_314a.jpg,left,nitk
data/processed/nitk/left_310_.jpg,left,nitk
data/processed/nitk/left_1264a.jpg,left,nitk
data/processed/nitk/left_83__.jpg,left,nitk
data/processed/nitk/left_494a.jpg,left,nitk
data/processed/nitk/left_555_1_.jpg,left,nitk
data/processed/nitk/left_507_3_.jpg,left,nitk
data/processed/nitk/left_928a.jpg,left,nitk
data/processed/nitk/left_image_12.jpg,left,nitk
data/processed/nitk/left_231p.jpg,left,nitk
data/processed/nitk/left_374p.jpg,left,nitk
data/processed/nitk/left_521_2_.jpg,left,nitk
data/processed/nitk/left_1272a.jpg,left,nitk
data/processed/nitk/left_756_.jpg,left,nitk
data/processed/nitk/left_306_.jpg,left,nitk
data/processed/nitk/left_442_2_.jpg,left,nitk
data/processed/nitk/left_542_2_.jpg,left,nitk
data/processed/nitk/left_1049a.jpg,left,nitk
data/processed/nitk/left_17p.jpg,left,nitk
data/processed/nitk/left_420__.jpg,left,nitk
data/processed/nitk/left_830.jpg,left,nitk
data/processed/nitk/left_1360a.jpg,left,nitk
data/processed/nitk/left_355a.jpg,left,nitk
data/processed/nitk/left_818.jpg,left,nitk
data/processed/nitk/left_210a.jpg,left,nitk
data/processed/nitk/left_289p.jpg,left,nitk
data/processed/nitk/left_354p.jpg,left,nitk
data/processed/nitk/left_1252a.jpg,left,nitk
data/processed/nitk/left_776_.jpg,left,nitk
data/processed/nitk/left_656_1_.jpg,left,nitk
data/processed/nitk/left_326_.jpg,left,nitk
data/processed/nitk/left_717_7_.jpg,left,nitk
data/processed/nitk/left_1317a.jpg,left,nitk
data/processed/nitk/left_263_.jpg,left,nitk
data/processed/nitk/left_799_.jpg,left,nitk
data/processed/nitk/left_832.jpg,left,nitk
data/processed/nitk/left_495_2_.jpg,left,nitk
data/processed/nitk/left_1194a.jpg,left,nitk
data/processed/nitk/left_600_4_.jpg,left,nitk
data/processed/nitk/left_709_7_.jpg,left,nitk
data/processed/nitk/left_303p.jpg,left,nitk
data/processed/nitk/left_609_7_.jpg,left,nitk
data/processed/nitk/left_700_4_.jpg,left,nitk
data/processed/nitk/left_image_38.jpg,left,nitk
data/processed/nitk/left_image_10.jpg,left,nitk
data/processed/nitk/left_648_1_.jpg,left,nitk
data/processed/nitk/left_1069a.jpg,left,nitk
data/processed/nitk/left_1439a.jpg,left,nitk
data/processed/nitk/left_549a.jpg,left,nitk
data/processed/nitk/left_582_1_.jpg,left,nitk
data/processed/nitk/left_635_1_.jpg,left,nitk
data/processed/nitk/left_482_1_.jpg,left,nitk
data/processed/nitk/left_41a.jpg,left,nitk
data/processed/nitk/left_315p.jpg,left,nitk
data/processed/nitk/left_737_.jpg,left,nitk
data/processed/nitk/left_1356a.jpg,left,nitk
data/processed/nitk/left_250p.jpg,left,nitk
data/processed/nitk/left_483p.jpg,left,nitk
data/processed/nitk/left_487_2_.jpg,left,nitk
data/processed/nitk/left_529p.jpg,left,nitk
data/processed/nitk/left_57a.jpg,left,nitk
data/processed/nitk/left_671_4_.jpg,left,nitk
data/processed/nitk/left_330_.jpg,left,nitk
data/processed/nitk/left_712_4_.jpg,left,nitk
data/processed/nitk/left_1244a.jpg,left,nitk
data/processed/nitk/left_81__.jpg,left,nitk
data/processed/nitk/left_342p.jpg,left,nitk
data/processed/nitk/left_207p.jpg,left,nitk
data/processed/nitk/left_1028a.jpg,left,nitk
data/processed/nitk/left_766_7_.jpg,left,nitk
data/processed/nitk/left_1182a.jpg,left,nitk
data/processed/nitk/left_490_1_.jpg,left,nitk
data/processed/nitk/left_158a.jpg,left,nitk
data/processed/nitk/left_627_1_.jpg,left,nitk
data/processed/nitk/left_508a.jpg,left,nitk
data/processed/nitk/left_39__.jpg,left,nitk
data/processed/nitk/left_1214a (2).jpg,left,nitk
data/processed/nitk/left_339p.jpg,left,nitk
data/processed/nitk/left_293p.jpg,left,nitk
data/processed/nitk/left_1116a.jpg,left,nitk
data/processed/nitk/left_1208a (3).jpg,left,nitk
data/processed/nitk/left_440p.jpg,left,nitk
data/processed/nitk/left_505p.jpg,left,nitk
data/processed/nitk/left_965a.jpg,left,nitk
data/processed/nitk/left_94a.jpg,left,nitk
data/processed/nitk/left_436a.jpg,left,nitk
data/processed/nitk/left_1287a.jpg,left,nitk
data/processed/nitk/left_381p.jpg,left,nitk
data/processed/nitk/left_589_3_.jpg,left,nitk
data/processed/nitk/left_724_4_.jpg,left,nitk
data/processed/nitk/left_1268a.jpg,left,nitk
data/processed/nitk/left_611_1_.jpg,left,nitk
data/processed/nitk/left_524a.jpg,left,nitk
data/processed/nitk/left_1141a.jpg,left,nitk
data/processed/nitk/left_461a.jpg,left,nitk
data/processed/nitk/left_1454a.jpg,left,nitk
data/processed/nitk/left_932a.jpg,left,nitk
data/processed/nitk/left_721_7_.jpg,left,nitk
data/processed/nitk/left_397p.jpg,left,nitk
data/processed/nitk/left_628_4_.jpg,left,nitk
data/processed/nitk/left_728_4_.jpg,left,nitk
data/processed/nitk/left_98__.jpg,left,nitk
data/processed/nitk/left_585_3_.jpg,left,nitk
data/processed/nitk/left_378p.jpg,left,nitk
data/processed/nitk/left_162a.jpg,left,nitk
data/processed/nitk/left_498a.jpg,left,nitk
data/processed/nitk/left_1157a.jpg,left,nitk
data/processed/nitk/left_532a.jpg,left,nitk
data/processed/nitk/left_image_11.jpg,left,nitk
data/processed/nitk/left_image_39.jpg,left,nitk
data/processed/nitk/left_1442a.jpg,left,nitk
data/processed/nitk/left_849_7_.jpg,left,nitk
data/processed/nitk/left_477a.jpg,left,nitk
data/processed/nitk/left_359a.jpg,left,nitk
data/processed/nitk/left_393__.jpg,left,nitk
data/processed/nitk/left_636_4_.jpg,left,nitk
data/processed/nitk/left_285p.jpg,left,nitk
data/processed/nitk/left_736_4_.jpg,left,nitk
data/processed/nitk/left_581_4_.jpg,left,nitk
data/processed/nitk/left_98.jpg,left,nitk
data/processed/nitk/left_833.jpg,left,nitk
data/processed/nitk/left_73.jpg,left,nitk
data/processed/nitk/left_456p.jpg,left,nitk
data/processed/nitk/left_857_7_.jpg,left,nitk
data/processed/nitk/left_565a.jpg,left,nitk
data/processed/nitk/left_1100a.jpg,left,nitk
data/processed/nitk/left_827.jpg,left,nitk
data/processed/nitk/left_6a.jpg,left,nitk
data/processed/nitk/left_352a.jpg,left,nitk
data/processed/nitk/left_1367a.jpg,left,nitk
data/processed/nitk/left_840.jpg,left,nitk
data/processed/nitk/left_261p.jpg,left,nitk
data/processed/nitk/left_324p.jpg,left,nitk
data/processed/nitk/left_425_2_.jpg,left,nitk
data/processed/nitk/left_868.jpg,left,nitk
data/processed/nitk/left_1388a.jpg,left,nitk
data/processed/nitk/left_90 (2).jpg,left,nitk
data/processed/nitk/left_519_4_.jpg,left,nitk
data/processed/nitk/left_581a.jpg,left,nitk
data/processed/nitk/left_503_3_.jpg,left,nitk
data/processed/nitk/left_558_2_.jpg,left,nitk
data/processed/nitk/left_518p.jpg,left,nitk
data/processed/nitk/left_115.jpg,left,nitk
data/processed/nitk/left_425__.jpg,left,nitk
data/processed/nitk/left_236p.jpg,left,nitk
data/processed/nitk/left_532_1_.jpg,left,nitk
data/processed/nitk/left_560_3_.jpg,left,nitk
data/processed/nitk/left_1330a.jpg,left,nitk
data/processed/nitk/left_460_3_.jpg,left,nitk
data/processed/nitk/left_image_62.jpg,left,nitk
data/processed/nitk/left_301_.jpg,left,nitk
data/processed/nitk/left_373p.jpg,left,nitk
data/processed/nitk/left_1219a (2).jpg,left,nitk
data/processed/nitk/left_539a.jpg,left,nitk
data/processed/nitk/left_493a.jpg,left,nitk
data/processed/nitk/left_446_2_.jpg,left,nitk
data/processed/nitk/left_546_2_.jpg,left,nitk
data/processed/nitk/left_image_89.jpg,left,nitk
data/processed/nitk/left_313a.jpg,left,nitk
data/processed/nitk/left_220p.jpg,left,nitk
data/processed/nitk/left_537_2_.jpg,left,nitk
data/processed/nitk/left_1263a.jpg,left,nitk
data/processed/nitk/left_747_.jpg,left,nitk
data/processed/nitk/left_939a.jpg,left,nitk
data/processed/nitk/left_511_3_.jpg,left,nitk
data/processed/nitk/left_277p.jpg,left,nitk
data/processed/nitk/left_1371a.jpg,left,nitk
data/processed/nitk/left_572_3_.jpg,left,nitk
data/processed/nitk/left_86__.jpg,left,nitk
data/processed/nitk/left_340_.jpg,left,nitk
data/processed/nitk/left_298p.jpg,left,nitk
data/processed/nitk/left_332p.jpg,left,nitk
data/processed/nitk/left_554_2_.jpg,left,nitk
data/processed/nitk/left_70a.jpg,left,nitk
data/processed/nitk/left_1058a.jpg,left,nitk
data/processed/nitk/left_100 (2).jpg,left,nitk
data/processed/nitk/left_501_2_.jpg,left,nitk
data/processed/nitk/left_291_.jpg,left,nitk
data/processed/nitk/left_349p.jpg,left,nitk
data/processed/nitk/left_915a.jpg,left,nitk
data/processed/nitk/left_527_3_.jpg,left,nitk
data/processed/nitk/left_446a.jpg,left,nitk
data/processed/nitk/left_153a.jpg,left,nitk
data/processed/nitk/left_783_7_.jpg,left,nitk
data/processed/nitk/left_368a.jpg,left,nitk
data/processed/nitk/left_444_3_.jpg,left,nitk
data/processed/nitk/left_522p.jpg,left,nitk
data/processed/nitk/left_488p.jpg,left,nitk
data/processed/nitk/left_694_4_.jpg,left,nitk
data/processed/nitk/left_803_.jpg,left,nitk
data/processed/nitk/left_467p.jpg,left,nitk
data/processed/nitk/left_562_2_.jpg,left,nitk
data/processed/nitk/left_1131a.jpg,left,nitk
data/processed/nitk/left_104a.jpg,left,nitk
data/processed/nitk/left_1205a (3).jpg,left,nitk
data/processed/nitk/left_548_3_.jpg,left,nitk
data/processed/nitk/left_image_88.jpg,left,nitk
data/processed/nitk/left_1204a (3).jpg,left,nitk
data/processed/nitk/left_448_3_.jpg,left,nitk
data/processed/nitk/left_815_.jpg,left,nitk
data/processed/nitk/left_535_3_.jpg,left,nitk
data/processed/nitk/left_954a.jpg,left,nitk
data/processed/nitk/left_567_1_.jpg,left,nitk
data/processed/nitk/left_542a.jpg,left,nitk
data/processed/nitk/left_image_77.jpg,left,nitk
data/processed/nitk/left_100.jpg,left,nitk
data/processed/nitk/left_394__.jpg,left,nitk
data/processed/nitk/left_869.jpg,left,nitk
data/processed/nitk/left_686_4_.jpg,left,nitk
data/processed/nitk/left_1035a.jpg,left,nitk
data/processed/nitk/left_401__.jpg,left,nitk
data/processed/nitk/left_855.jpg,left,nitk
data/processed/nitk/left_1170a.jpg,left,nitk
data/processed/nitk/left_841.jpg,left,nitk
data/processed/nitk/left_515a.jpg,left,nitk
data/processed/nitk/left_562a.jpg,left,nitk
data/processed/nitk/left_132a.jpg,left,nitk
data/processed/nitk/left_843.jpg,left,nitk
data/processed/nitk/left_451p.jpg,left,nitk
data/processed/nitk/left_835_.jpg,left,nitk
data/processed/nitk/left_514p.jpg,left,nitk
data/processed/nitk/left_1a.jpg,left,nitk
data/processed/nitk/left_85a.jpg,left,nitk
data/processed/nitk/left_1412a.jpg,left,nitk
data/processed/nitk/left_427a.jpg,left,nitk
data/processed/nitk/left_592_7_.jpg,left,nitk
data/processed/nitk/left_725_7_.jpg,left,nitk
data/processed/nitk/left_116.jpg,left,nitk
data/processed/nitk/left_1384a.jpg,left,nitk
data/processed/nitk/left_102.jpg,left,nitk
data/processed/nitk/left_403__.jpg,left,nitk
data/processed/nitk/left_446__.jpg,left,nitk
data/processed/nitk/left_1150a.jpg,left,nitk
data/processed/nitk/left_853_7_.jpg,left,nitk
data/processed/nitk/left_image_75.jpg,left,nitk
data/processed/nitk/left_535a.jpg,left,nitk
data/processed/nitk/left_607_1_.jpg,left,nitk
data/processed/nitk/left_470a.jpg,left,nitk
data/processed/nitk/left_image_8.jpg,left,nitk
data/processed/nitk/left_1445a.jpg,left,nitk
data/processed/nitk/left_923a.jpg,left,nitk
data/processed/nitk/left_646_7_.jpg,left,nitk
data/processed/nitk/left_image_49.jpg,left,nitk
data/processed/nitk/left_328.jpg,left,nitk
data/processed/nitk/left_390p.jpg,left,nitk
data/processed/nitk/left_732_4_.jpg,left,nitk
data/processed/nitk/left_585_4_.jpg,left,nitk
data/processed/nitk/left_1279a.jpg,left,nitk
data/processed/nitk/left_173a.jpg,left,nitk
data/processed/nitk/left_489a.jpg,left,nitk
data/processed/nitk/left_643_4_.jpg,left,nitk
data/processed/nitk/left_935a.jpg,left,nitk
data/processed/nitk/left_1453a.jpg,left,nitk
data/processed/nitk/left_466a.jpg,left,nitk
data/processed/nitk/left_1003a.jpg,left,nitk
data/processed/nitk/left_637_7_.jpg,left,nitk
data/processed/nitk/left_589_4_.jpg,left,nitk
data/processed/nitk/left_737_7_.jpg,left,nitk
data/processed/nitk/left_99 (2).jpg,left,nitk
data/processed/nitk/left_369p.jpg,left,nitk
data/processed/nitk/left_447p.jpg,left,nitk
data/processed/nitk/left_615_1_.jpg,left,nitk
data/processed/nitk/left_1054a.jpg,left,nitk
data/processed/nitk/left_654_7_.jpg,left,nitk
data/processed/nitk/left_502p.jpg,left,nitk
data/processed/nitk/left_348a.jpg,left,nitk
data/processed/nitk/left_597_4_.jpg,left,nitk
data/processed/nitk/left_294p.jpg,left,nitk
data/processed/nitk/left_1238a.jpg,left,nitk
data/processed/nitk/left_620_4_.jpg,left,nitk
data/processed/nitk/left_869_7_.jpg,left,nitk
data/processed/nitk/left_483_2_.jpg,left,nitk
data/processed/nitk/left_345p.jpg,left,nitk
data/processed/nitk/left_337_.jpg,left,nitk
data/processed/nitk/left_272_.jpg,left,nitk
data/processed/nitk/left_333a.jpg,left,nitk
data/processed/nitk/left_1306a.jpg,left,nitk
data/processed/nitk/left_608_4_.jpg,left,nitk
data/processed/nitk/left_701_7_.jpg,left,nitk
data/processed/nitk/left_662_7_.jpg,left,nitk
data/processed/nitk/left_1428a.jpg,left,nitk
data/processed/nitk/left_1078a.jpg,left,nitk
data/processed/nitk/left_558a.jpg,left,nitk
data/processed/nitk/left_1097a.jpg,left,nitk
data/processed/nitk/left_494_1_.jpg,left,nitk
data/processed/nitk/left_594_1_.jpg,left,nitk
data/processed/nitk/left_79__.jpg,left,nitk
data/processed/nitk/left_221a.jpg,left,nitk
data/processed/nitk/left_84__.jpg,left,nitk
data/processed/nitk/left_312p.jpg,left,nitk
data/processed/nitk/left_257p.jpg,left,nitk
data/processed/nitk/left_364a.jpg,left,nitk
data/processed/nitk/left_491_2_.jpg,left,nitk
data/processed/nitk/left_598_1_.jpg,left,nitk
data/processed/nitk/left_498_1_.jpg,left,nitk
data/processed/nitk/left_958a.jpg,left,nitk
data/processed/nitk/left_492p.jpg,left,nitk
data/processed/nitk/left_315.jpg,left,nitk
data/processed/nitk/left_667_4_.jpg,left,nitk
data/processed/nitk/left_46a.jpg,left,nitk
data/processed/nitk/left_329.jpg,left,nitk
data/processed/nitk/left_304p.jpg,left,nitk
data/processed/nitk/left_1202a.jpg,left,nitk
data/processed/nitk/left_713_7_.jpg,left,nitk
data/processed/nitk/left_1347a.jpg,left,nitk
data/processed/nitk/left_image_60.jpg,left,nitk
data/processed/nitk/left_241p.jpg,left,nitk
data/processed/nitk/left_103.jpg,left,nitk
data/processed/nitk/left_117.jpg,left,nitk
data/processed/nitk/left_519a.jpg,left,nitk
data/processed/nitk/left_586_1_.jpg,left,nitk
data/processed/nitk/left_631_1_.jpg,left,nitk
data/processed/nitk/left_11a.jpg,left,nitk
data/processed/nitk/left_771_.jpg,left,nitk
data/processed/nitk/left_321_.jpg,left,nitk
data/processed/nitk/left_604_4_.jpg,left,nitk
data/processed/nitk/left_353p.jpg,left,nitk
data/processed/nitk/left_427__.jpg,left,nitk
data/processed/nitk/left_1310a.jpg,left,nitk
data/processed/nitk/left_856.jpg,left,nitk
data/processed/nitk/left_264_.jpg,left,nitk
data/processed/nitk/left_1254a.jpg,left,nitk
data/processed/nitk/left_80__.jpg,left,nitk
data/processed/nitk/left_320_.jpg,left,nitk
data/processed/nitk/left_656_7_.jpg,left,nitk
data/processed/nitk/left_352p.jpg,left,nitk
data/processed/nitk/left_217p.jpg,left,nitk
data/processed/nitk/left_324a.jpg,left,nitk
data/processed/nitk/left_265_.jpg,left,nitk
data/processed/nitk/left_595_4_.jpg,left,nitk
data/processed/nitk/left_722_4_.jpg,left,nitk
data/processed/nitk/left_113.jpg,left,nitk
data/processed/nitk/left_107.jpg,left,nitk
data/processed/nitk/left_1192a.jpg,left,nitk
data/processed/nitk/left_622_4_.jpg,left,nitk
data/processed/nitk/left_518a.jpg,left,nitk
data/processed/nitk/left_148a.jpg,left,nitk
data/processed/nitk/left_305p.jpg,left,nitk
data/processed/nitk/left_image_58.jpg,left,nitk
data/processed/nitk/left_1346a.jpg,left,nitk
data/processed/nitk/left_image_64.jpg,left,nitk
data/processed/nitk/left_image_70.jpg,left,nitk
data/processed/nitk/left_818_.jpg,left,nitk
data/processed/nitk/left_493p.jpg,left,nitk
data/processed/nitk/left_635_7_.jpg,left,nitk
data/processed/nitk/left_47a.jpg,left,nitk
data/processed/nitk/left_735_7_.jpg,left,nitk
data/processed/nitk/left_1080a.jpg,left,nitk
data/processed/nitk/left_744_7_.jpg,left,nitk
data/processed/nitk/left_313p.jpg,left,nitk
data/processed/nitk/left_423__.jpg,left,nitk
data/processed/nitk/left_365a.jpg,left,nitk
data/processed/nitk/left_630_4_.jpg,left,nitk
data/processed/nitk/left_485p.jpg,left,nitk
data/processed/nitk/left_730_4_.jpg,left,nitk
data/processed/nitk/left_1429a.jpg,left,nitk
data/processed/nitk/left_639_7_.jpg,left,nitk
data/processed/nitk/left_1096a.jpg,left,nitk
data/processed/nitk/left_344p.jpg,left,nitk
data/processed/nitk/left_336_.jpg,left,nitk
data/processed/nitk/left_766_.jpg,left,nitk
data/processed/nitk/left_789_.jpg,left,nitk
data/processed/nitk/left_653_4_.jpg,left,nitk
data/processed/nitk/left_40__.jpg,left,nitk
data/processed/nitk/left_1184a.jpg,left,nitk
data/processed/nitk/left_918a.jpg,left,nitk
data/processed/nitk/left_483_3_.jpg,left,nitk
data/processed/nitk/left_98 (2).jpg,left,nitk
data/processed/nitk/left_599_4_.jpg,left,nitk
data/processed/nitk/left_88 (2).jpg,left,nitk
data/processed/nitk/left_349a.jpg,left,nitk
data/processed/nitk/left_392__.jpg,left,nitk
data/processed/nitk/left_295p.jpg,left,nitk
data/processed/nitk/left_1393a.jpg,left,nitk
data/processed/nitk/left_1239a.jpg,left,nitk
data/processed/nitk/left_446p.jpg,left,nitk
data/processed/nitk/left_407__.jpg,left,nitk
data/processed/nitk/left_430a.jpg,left,nitk
data/processed/nitk/left_1405a.jpg,left,nitk
data/processed/nitk/left_92a.jpg,left,nitk
data/processed/nitk/left_503p.jpg,left,nitk
data/processed/nitk/left_706_4_.jpg,left,nitk
data/processed/nitk/left_665_4_.jpg,left,nitk
data/processed/nitk/left_1281a.jpg,left,nitk
data/processed/nitk/left_593_2_.jpg,left,nitk
data/processed/nitk/left_618_4_.jpg,left,nitk
data/processed/nitk/left_1147a.jpg,left,nitk
data/processed/nitk/left_64__.jpg,left,nitk
data/processed/nitk/left_718_4_.jpg,left,nitk
data/processed/nitk/left_411p.jpg,left,nitk
data/processed/nitk/left_934a.jpg,left,nitk
data/processed/nitk/left_467a.jpg,left,nitk
data/processed/nitk/left_650_1_.jpg,left,nitk
data/processed/nitk/left_496_1_.jpg,left,nitk
data/processed/nitk/left_59__.jpg,left,nitk
data/processed/nitk/left_760_7_.jpg,left,nitk
data/processed/nitk/left_310.jpg,left,nitk
data/processed/nitk/left_image_71.jpg,left,nitk
data/processed/nitk/left_164a.jpg,left,nitk
data/processed/nitk/left_714_4_.jpg,left,nitk
data/processed/nitk/left_471a.jpg,left,nitk
data/processed/nitk/left_image_59.jpg,left,nitk
data/processed/nitk/left_1385a.jpg,left,nitk
data/processed/nitk/left_581_2_.jpg,left,nitk
data/processed/nitk/left_283p.jpg,left,nitk
data/processed/nitk/left_329p.jpg,left,nitk
data/processed/nitk/left_563a.jpg,left,nitk
data/processed/nitk/left_603_7_.jpg,left,nitk
data/processed/nitk/left_847.jpg,left,nitk
data/processed/nitk/left_642_1_.jpg,left,nitk
data/processed/nitk/left_834_.jpg,left,nitk
data/processed/nitk/left_84a.jpg,left,nitk
data/processed/nitk/left_1034a.jpg,left,nitk
data/processed/nitk/left_470_3_.jpg,left,nitk
data/processed/nitk/left_427p.jpg,left,nitk
data/processed/nitk/left_1171a.jpg,left,nitk
data/processed/nitk/left_144a.jpg,left,nitk
data/processed/nitk/left_851.jpg,left,nitk
data/processed/nitk/left_1p.jpg,left,nitk
data/processed/nitk/left_514a.jpg,left,nitk
data/processed/nitk/left_110.jpg,left,nitk
data/processed/nitk/left_1258a.jpg,left,nitk
data/processed/nitk/left_269_.jpg,left,nitk
data/processed/nitk/left_556_2_.jpg,left,nitk
data/processed/nitk/left_328a.jpg,left,nitk
data/processed/nitk/left_138.jpg,left,nitk
data/processed/nitk/left_814_.jpg,left,nitk
data/processed/nitk/left_955a.jpg,left,nitk
data/processed/nitk/left_1063a.jpg,left,nitk
data/processed/nitk/left_435_2_.jpg,left,nitk
data/processed/nitk/left_574_4_.jpg,left,nitk
data/processed/nitk/left_543a.jpg,left,nitk
data/processed/nitk/left_1126a.jpg,left,nitk
data/processed/nitk/left_image_67.jpg,left,nitk
data/processed/nitk/left_548_2_.jpg,left,nitk
data/processed/nitk/left_541_1_.jpg,left,nitk
data/processed/nitk/left_312.jpg,left,nitk
data/processed/nitk/left_309p.jpg,left,nitk
data/processed/nitk/left_513_3_.jpg,left,nitk
data/processed/nitk/left_943a.jpg,left,nitk
data/processed/nitk/left_578_4_.jpg,left,nitk
data/processed/nitk/left_523p.jpg,left,nitk
data/processed/nitk/left_802_.jpg,left,nitk
data/processed/nitk/left_489p.jpg,left,nitk
data/processed/nitk/left_466p.jpg,left,nitk
data/processed/nitk/left_530_1_.jpg,left,nitk
data/processed/nitk/left_440__.jpg,left,nitk
data/processed/nitk/left_1130a.jpg,left,nitk
data/processed/nitk/left_105a.jpg,left,nitk
data/processed/nitk/left_539_2_.jpg,left,nitk
data/processed/nitk/left_462_3_.jpg,left,nitk
data/processed/nitk/left_555a.jpg,left,nitk
data/processed/nitk/left_444_2_.jpg,left,nitk
data/processed/nitk/left_427_2_.jpg,left,nitk
data/processed/nitk/left_1188a.jpg,left,nitk
data/processed/nitk/left_502a.jpg,left,nitk
data/processed/nitk/left_152a.jpg,left,nitk
data/processed/nitk/left_66__.jpg,left,nitk
data/processed/nitk/left_566_4_.jpg,left,nitk
data/processed/nitk/left_431p.jpg,left,nitk
data/processed/nitk/left_553_1_.jpg,left,nitk
data/processed/nitk/left_290_.jpg,left,nitk
data/processed/nitk/left_501_3_.jpg,left,nitk
data/processed/nitk/left_348p.jpg,left,nitk
data/processed/nitk/left_785_.jpg,left,nitk
data/processed/nitk/left_579a.jpg,left,nitk
data/processed/nitk/left_129a.jpg,left,nitk
data/processed/nitk/left_454_3_.jpg,left,nitk
data/processed/nitk/left_1409a.jpg,left,nitk
data/processed/nitk/left_1059a.jpg,left,nitk
data/processed/nitk/left_529_3_.jpg,left,nitk
data/processed/nitk/left_421__.jpg,left,nitk
data/processed/nitk/left_276p.jpg,left,nitk
data/processed/nitk/left_1370a.jpg,left,nitk
data/processed/nitk/left_572_2_.jpg,left,nitk
data/processed/nitk/left_200a.jpg,left,nitk
data/processed/nitk/left_684_4_.jpg,left,nitk
data/processed/nitk/left_1235a.jpg,left,nitk
data/processed/nitk/left_341_.jpg,left,nitk
data/processed/nitk/left_299p.jpg,left,nitk
data/processed/nitk/left_333p.jpg,left,nitk
data/processed/nitk/left_26a.jpg,left,nitk
data/processed/nitk/left_518_1_.jpg,left,nitk
data/processed/nitk/left_938a.jpg,left,nitk
data/processed/nitk/left_253_.jpg,left,nitk
data/processed/nitk/left_1327a.jpg,left,nitk
data/processed/nitk/left_42__.jpg,left,nitk
data/processed/nitk/left_565_1_.jpg,left,nitk
data/processed/nitk/left_1262a.jpg,left,nitk
data/processed/nitk/left_514_1_.jpg,left,nitk
data/processed/nitk/left_313.jpg,left,nitk
data/processed/nitk/left_187a.jpg,left,nitk
data/processed/nitk/left_image_66.jpg,left,nitk
data/processed/nitk/left_237p.jpg,left,nitk
data/processed/nitk/left_304a.jpg,left,nitk
data/processed/nitk/left_460_2_.jpg,left,nitk
data/processed/nitk/left_image_72.jpg,left,nitk
data/processed/nitk/left_1274a.jpg,left,nitk
data/processed/nitk/left_82__.jpg,left,nitk
data/processed/nitk/left_300_.jpg,left,nitk
data/processed/nitk/left_372p.jpg,left,nitk
data/processed/nitk/left_67a.jpg,left,nitk
data/processed/nitk/left_542_4_.jpg,left,nitk
data/processed/nitk/left_458_3_.jpg,left,nitk
data/processed/nitk/left_88a.jpg,left,nitk
data/processed/nitk/left_519p.jpg,left,nitk
data/processed/nitk/left_681_7_.jpg,left,nitk
data/processed/nitk/left_389__.jpg,left,nitk
data/processed/nitk/left_1366a.jpg,left,nitk
data/processed/nitk/left_844.jpg,left,nitk
data/processed/nitk/left_260p.jpg,left,nitk
data/processed/nitk/left_325p.jpg,left,nitk
data/processed/nitk/left_479_3_.jpg,left,nitk
data/processed/nitk/left_1172a.jpg,left,nitk
data/processed/nitk/left_522_2_.jpg,left,nitk
data/processed/nitk/left_147a.jpg,left,nitk
data/processed/nitk/left_517a.jpg,left,nitk
data/processed/nitk/left_422_2_.jpg,left,nitk
data/processed/nitk/left_901a.jpg,left,nitk
data/processed/nitk/left_73__.jpg,left,nitk
data/processed/nitk/left_1037a.jpg,left,nitk
data/processed/nitk/left_452a.jpg,left,nitk
data/processed/nitk/left_218p.jpg,left,nitk
data/processed/nitk/left_556_1_.jpg,left,nitk
data/processed/nitk/left_504_3_.jpg,left,nitk
data/processed/nitk/left_790_.jpg,left,nitk
data/processed/nitk/left_108.jpg,left,nitk
data/processed/nitk/left_image_57.jpg,left,nitk
data/processed/nitk/left_48a.jpg,left,nitk
data/processed/nitk/left_473p.jpg,left,nitk
data/processed/nitk/left_image_2.jpg,left,nitk
data/processed/nitk/left_image_43.jpg,left,nitk
data/processed/nitk/left_1060a.jpg,left,nitk
data/processed/nitk/left_956a.jpg,left,nitk
data/processed/nitk/left_385__.jpg,left,nitk
data/processed/nitk/left_548_1_.jpg,left,nitk
data/processed/nitk/left_539_1_.jpg,left,nitk
data/processed/nitk/left_1099a.jpg,left,nitk
data/processed/nitk/left_465p.jpg,left,nitk
data/processed/nitk/left_530_2_.jpg,left,nitk
data/processed/nitk/left_940a.jpg,left,nitk
data/processed/nitk/left_520p.jpg,left,nitk
data/processed/nitk/left_801_.jpg,left,nitk
data/processed/nitk/left_1076a.jpg,left,nitk
data/processed/nitk/left_259p.jpg,left,nitk
data/processed/nitk/left_544_1_.jpg,left,nitk
data/processed/nitk/left_501a.jpg,left,nitk
data/processed/nitk/left_151a.jpg,left,nitk
data/processed/nitk/left_1164a.jpg,left,nitk
data/processed/nitk/left_527_1_.jpg,left,nitk
data/processed/nitk/left_575_3_.jpg,left,nitk
data/processed/nitk/left_1216a (2).jpg,left,nitk
data/processed/nitk/left_475_3_.jpg,left,nitk
data/processed/nitk/left_917a.jpg,left,nitk
data/processed/nitk/left_1308a.jpg,left,nitk
data/processed/nitk/left_553_2_.jpg,left,nitk
data/processed/nitk/left_293_.jpg,left,nitk
data/processed/nitk/left_595a.jpg,left,nitk
data/processed/nitk/left_547_4_.jpg,left,nitk
data/processed/nitk/left_72a.jpg,left,nitk
data/processed/nitk/left_449p.jpg,left,nitk
data/processed/nitk/left_506_2_.jpg,left,nitk
data/processed/nitk/left_784_7_.jpg,left,nitk
data/processed/nitk/left_330p.jpg,left,nitk
data/processed/nitk/left_203a.jpg,left,nitk
data/processed/nitk/left_342_.jpg,left,nitk
data/processed/nitk/left_1373a.jpg,left,nitk
data/processed/nitk/left_346a.jpg,left,nitk
data/processed/nitk/left_572_1_.jpg,left,nitk
data/processed/nitk/left_275p.jpg,left,nitk
data/processed/nitk/left_418_2_.jpg,left,nitk
data/processed/nitk/left_511_1_.jpg,left,nitk
data/processed/nitk/left_468a.jpg,left,nitk
data/processed/nitk/left_487a.jpg,left,nitk
data/processed/nitk/left_1148a.jpg,left,nitk
data/processed/nitk/left_559_4_.jpg,left,nitk
data/processed/nitk/left_25a.jpg,left,nitk
data/processed/nitk/left_315_.jpg,left,nitk
data/processed/nitk/left_1261a.jpg,left,nitk
data/processed/nitk/left_465_2_.jpg,left,nitk
data/processed/nitk/left_745_.jpg,left,nitk
data/processed/nitk/left_565_2_.jpg,left,nitk
data/processed/nitk/left_388p.jpg,left,nitk
data/processed/nitk/left_184a.jpg,left,nitk
data/processed/nitk/left_555_4_.jpg,left,nitk
data/processed/nitk/left_104 (2).jpg,left,nitk
data/processed/nitk/left_33a.jpg,left,nitk
data/processed/nitk/left_414_2_.jpg,left,nitk
data/processed/nitk/left_491a.jpg,left,nitk
data/processed/nitk/left_57__.jpg,left,nitk
data/processed/nitk/left_753_.jpg,left,nitk
data/processed/nitk/left_303_.jpg,left,nitk
data/processed/nitk/left_1332a.jpg,left,nitk
data/processed/nitk/left_1298a.jpg,left,nitk
data/processed/nitk/left_569_2_.jpg,left,nitk
data/processed/nitk/left_image_42.jpg,left,nitk
data/processed/nitk/left_image_56.jpg,left,nitk
data/processed/nitk/left_532_3_.jpg,left,nitk
data/processed/nitk/left_234p.jpg,left,nitk
data/processed/nitk/left_560_1_.jpg,left,nitk
data/processed/nitk/left_451_3_.jpg,left,nitk
data/processed/nitk/left_135.jpg,left,nitk
data/processed/nitk/left_12p.jpg,left,nitk
data/processed/nitk/left_121.jpg,left,nitk
data/processed/nitk/left_429a.jpg,left,nitk
data/processed/nitk/left_1109a.jpg,left,nitk
data/processed/nitk/left_109.jpg,left,nitk
data/processed/nitk/left_64a.jpg,left,nitk
data/processed/nitk/left_848.jpg,left,nitk
data/processed/nitk/left_577_2_.jpg,left,nitk
data/processed/nitk/left_326p.jpg,left,nitk
data/processed/nitk/left_688_7_.jpg,left,nitk
data/processed/nitk/left_263p.jpg,left,nitk
data/processed/nitk/left_536_4_.jpg,left,nitk
data/processed/nitk/left_681_4_.jpg,left,nitk
data/processed/nitk/left_788_7_.jpg,left,nitk
data/processed/nitk/left_1312a.jpg,left,nitk
data/processed/nitk/left_266_.jpg,left,nitk
data/processed/nitk/left_214p.jpg,left,nitk
data/processed/nitk/left_351p.jpg,left,nitk
data/processed/nitk/left_289_.jpg,left,nitk
data/processed/nitk/left_428p.jpg,left,nitk
data/processed/nitk/left_586_3_.jpg,left,nitk
data/processed/nitk/left_1191a.jpg,left,nitk
data/processed/nitk/left_595_7_.jpg,left,nitk
data/processed/nitk/left_image_40.jpg,left,nitk
data/processed/nitk/left_243p.jpg,left,nitk
data/processed/nitk/left_641_7_.jpg,left,nitk
data/processed/nitk/left_image_1.jpg,left,nitk
data/processed/nitk/left_648_4_.jpg,left,nitk
data/processed/nitk/left_370a.jpg,left,nitk
data/processed/nitk/left_image_54.jpg,left,nitk
data/processed/nitk/left_1200a.jpg,left,nitk
data/processed/nitk/left_600_1_.jpg,left,nitk
data/processed/nitk/left_306p.jpg,left,nitk
data/processed/nitk/left_735_4_.jpg,left,nitk
data/processed/nitk/left_image_83.jpg,left,nitk
data/processed/nitk/left_498_3_.jpg,left,nitk
data/processed/nitk/left_1353a.jpg,left,nitk
data/processed/nitk/left_255p.jpg,left,nitk
data/processed/nitk/left_644_4_.jpg,left,nitk
data/processed/nitk/left_469p.jpg,left,nitk
data/processed/nitk/left_494_3_.jpg,left,nitk
data/processed/nitk/left_1095a.jpg,left,nitk
data/processed/nitk/left_639_4_.jpg,left,nitk
data/processed/nitk/left_587_7_.jpg,left,nitk
data/processed/nitk/left_486p.jpg,left,nitk
data/processed/nitk/left_630_7_.jpg,left,nitk
data/processed/nitk/left_202p.jpg,left,nitk
data/processed/nitk/left_270_.jpg,left,nitk
data/processed/nitk/left_331a.jpg,left,nitk
data/processed/nitk/left_347p.jpg,left,nitk
data/processed/nitk/left_612_1_.jpg,left,nitk
data/processed/nitk/left_599_7_.jpg,left,nitk
data/processed/nitk/left_727_4_.jpg,left,nitk
data/processed/nitk/left_1187a.jpg,left,nitk
data/processed/nitk/left_484_2_.jpg,left,nitk
data/processed/nitk/left_584_2_.jpg,left,nitk
data/processed/nitk/left_500p.jpg,left,nitk
data/processed/nitk/left_1056a.jpg,left,nitk
data/processed/nitk/left_1113a.jpg,left,nitk
data/processed/nitk/left_126a.jpg,left,nitk
data/processed/nitk/left_445p.jpg,left,nitk
data/processed/nitk/left_813_7_.jpg,left,nitk
data/processed/nitk/left_870_7_.jpg,left,nitk
data/processed/nitk/left_624_1_.jpg,left,nitk
data/processed/nitk/left_1328a.jpg,left,nitk
data/processed/nitk/left_765_7_.jpg,left,nitk
data/processed/nitk/left_665_7_.jpg,left,nitk
data/processed/nitk/left_1001a.jpg,left,nitk
data/processed/nitk/left_412p.jpg,left,nitk
data/processed/nitk/left_618_7_.jpg,left,nitk
data/processed/nitk/left_711_4_.jpg,left,nitk
data/processed/nitk/left_1144a.jpg,left,nitk
data/processed/nitk/left_769_7_.jpg,left,nitk
data/processed/nitk/left_628_1_.jpg,left,nitk
data/processed/nitk/left_392p.jpg,left,nitk
data/processed/nitk/left_496_2_.jpg,left,nitk
data/processed/nitk/left_image_82.jpg,left,nitk
data/processed/nitk/left_921a.jpg,left,nitk
data/processed/nitk/left_image_69.jpg,left,nitk
data/processed/nitk/left_71__.jpg,left,nitk
data/processed/nitk/left_714_7_.jpg,left,nitk
data/processed/nitk/left_image_0.jpg,left,nitk
data/processed/nitk/left_167a.jpg,left,nitk
data/processed/nitk/left_image_55.jpg,left,nitk
data/processed/nitk/left_655_1_.jpg,left,nitk
data/processed/nitk/left_image_41.jpg,left,nitk
data/processed/nitk/left_280p.jpg,left,nitk
data/processed/nitk/left_636_1_.jpg,left,nitk
data/processed/nitk/left_588_2_.jpg,left,nitk
data/processed/nitk/left_387__.jpg,left,nitk
data/processed/nitk/left_219a.jpg,left,nitk
data/processed/nitk/left_136.jpg,left,nitk
data/processed/nitk/left_488_2_.jpg,left,nitk
data/processed/nitk/left_777_7_.jpg,left,nitk
data/processed/nitk/left_1410a.jpg,left,nitk
data/processed/nitk/left_1040a.jpg,left,nitk
data/processed/nitk/left_516p.jpg,left,nitk
data/processed/nitk/left_87a.jpg,left,nitk
data/processed/nitk/left_863.jpg,left,nitk
data/processed/nitk/left_999a.jpg,left,nitk
data/processed/nitk/left_68a.jpg,left,nitk
data/processed/nitk/left_703_4_.jpg,left,nitk
data/processed/nitk/left_453p.jpg,left,nitk
data/processed/nitk/left_560a.jpg,left,nitk
data/processed/nitk/left_603_4_.jpg,left,nitk
data/processed/nitk/left_1411a.jpg,left,nitk
data/processed/nitk/left_610_1_.jpg,left,nitk
data/processed/nitk/left_2a.jpg,left,nitk
data/processed/nitk/left_69a.jpg,left,nitk
data/processed/nitk/left_751_7_.jpg,left,nitk
data/processed/nitk/left_452p.jpg,left,nitk
data/processed/nitk/left_131a.jpg,left,nitk
data/processed/nitk/left_867.jpg,left,nitk
data/processed/nitk/left_281p.jpg,left,nitk
data/processed/nitk/left_132.jpg,left,nitk
data/processed/nitk/left_588_3_.jpg,left,nitk
data/processed/nitk/left_218a.jpg,left,nitk
data/processed/nitk/left_488_3_.jpg,left,nitk
data/processed/nitk/left_592_4_.jpg,left,nitk
data/processed/nitk/left_image_79.jpg,left,nitk
data/processed/nitk/left_473a.jpg,left,nitk
data/processed/nitk/left_189a.jpg,left,nitk
data/processed/nitk/left_image_45.jpg,left,nitk
data/processed/nitk/left_image_4.jpg,left,nitk
data/processed/nitk/left_732_7_.jpg,left,nitk
data/processed/nitk/left_324.jpg,left,nitk
data/processed/nitk/left_393p.jpg,left,nitk
data/processed/nitk/left_image_86.jpg,left,nitk
data/processed/nitk/left_496_3_.jpg,left,nitk
data/processed/nitk/left_465a.jpg,left,nitk
data/processed/nitk/left_1000a.jpg,left,nitk
data/processed/nitk/left_602_1_.jpg,left,nitk
data/processed/nitk/left_453__.jpg,left,nitk
data/processed/nitk/left_936a.jpg,left,nitk
data/processed/nitk/left_413p.jpg,left,nitk
data/processed/nitk/left_520a.jpg,left,nitk
data/processed/nitk/left_748_.jpg,left,nitk
data/processed/nitk/left_383__.jpg,left,nitk
data/processed/nitk/left_318_.jpg,left,nitk
data/processed/nitk/left_1329a.jpg,left,nitk
data/processed/nitk/left_637_4_.jpg,left,nitk
data/processed/nitk/left_961a.jpg,left,nitk
data/processed/nitk/left_501p.jpg,left,nitk
data/processed/nitk/left_1057a.jpg,left,nitk
data/processed/nitk/left_1112a.jpg,left,nitk
data/processed/nitk/left_444p.jpg,left,nitk
data/processed/nitk/left_1391a.jpg,left,nitk
data/processed/nitk/left_620_7_.jpg,left,nitk
data/processed/nitk/left_597_7_.jpg,left,nitk
data/processed/nitk/left_720_7_.jpg,left,nitk
data/processed/nitk/left_278p.jpg,left,nitk
data/processed/nitk/left_484_3_.jpg,left,nitk
data/processed/nitk/left_584_3_.jpg,left,nitk
data/processed/nitk/left_1169a.jpg,left,nitk
data/processed/nitk/left_634_1_.jpg,left,nitk
data/processed/nitk/left_449a.jpg,left,nitk
data/processed/nitk/left_203p.jpg,left,nitk
data/processed/nitk/left_334_.jpg,left,nitk
data/processed/nitk/left_1240a.jpg,left,nitk
data/processed/nitk/left_346p.jpg,left,nitk
data/processed/nitk/left_432__.jpg,left,nitk
data/processed/nitk/left_468p.jpg,left,nitk
data/processed/nitk/left_1094a.jpg,left,nitk
data/processed/nitk/left_1352a.jpg,left,nitk
data/processed/nitk/left_657_1_.jpg,left,nitk
data/processed/nitk/left_254p.jpg,left,nitk
data/processed/nitk/left_716_7_.jpg,left,nitk
data/processed/nitk/left_1128a.jpg,left,nitk
data/processed/nitk/left_image_93.jpg,left,nitk
data/processed/nitk/left_767_7_.jpg,left,nitk
data/processed/nitk/left_1082a.jpg,left,nitk
data/processed/nitk/left_45a.jpg,left,nitk
data/processed/nitk/left_491_1_.jpg,left,nitk
data/processed/nitk/left_image_50.jpg,left,nitk
data/processed/nitk/left_371a.jpg,left,nitk
data/processed/nitk/left_image_44.jpg,left,nitk
data/processed/nitk/left_91__.jpg,left,nitk
data/processed/nitk/left_307p.jpg,left,nitk
data/processed/nitk/left_image_78.jpg,left,nitk
data/processed/nitk/left_429p.jpg,left,nitk
data/processed/nitk/left_638_1_.jpg,left,nitk
data/processed/nitk/left_779_7_.jpg,left,nitk
data/processed/nitk/left_679_7_.jpg,left,nitk
data/processed/nitk/left_133.jpg,left,nitk
data/processed/nitk/left_326a.jpg,left,nitk
data/processed/nitk/left_267_.jpg,left,nitk
data/processed/nitk/left_866.jpg,left,nitk
data/processed/nitk/left_215p.jpg,left,nitk
data/processed/nitk/left_350p.jpg,left,nitk
data/processed/nitk/left_704_7_.jpg,left,nitk
data/processed/nitk/left_322_.jpg,left,nitk
data/processed/nitk/left_604_7_.jpg,left,nitk
data/processed/nitk/left_577_3_.jpg,left,nitk
data/processed/nitk/left_214a.jpg,left,nitk
data/processed/nitk/left_327p.jpg,left,nitk
data/processed/nitk/left_477_3_.jpg,left,nitk
data/processed/nitk/left_351a.jpg,left,nitk
data/processed/nitk/left_558_1_.jpg,left,nitk
data/processed/nitk/left_451_2_.jpg,left,nitk
data/processed/nitk/left_125.jpg,left,nitk
data/processed/nitk/left_551_2_.jpg,left,nitk
data/processed/nitk/left_13p.jpg,left,nitk
data/processed/nitk/left_428a.jpg,left,nitk
data/processed/nitk/left_1108a.jpg,left,nitk
data/processed/nitk/left_119.jpg,left,nitk
data/processed/nitk/left_65a.jpg,left,nitk
data/processed/nitk/left_370p.jpg,left,nitk
data/processed/nitk/left_752_.jpg,left,nitk
data/processed/nitk/left_573_4_.jpg,left,nitk
data/processed/nitk/left_306a.jpg,left,nitk
data/processed/nitk/left_image_7.jpg,left,nitk
data/processed/nitk/left_247_.jpg,left,nitk
data/processed/nitk/left_569_3_.jpg,left,nitk
data/processed/nitk/left_1299a.jpg,left,nitk
data/processed/nitk/left_image_46.jpg,left,nitk
data/processed/nitk/left_532_2_.jpg,left,nitk
data/processed/nitk/left_185a.jpg,left,nitk
data/processed/nitk/left_327.jpg,left,nitk
data/processed/nitk/left_546_1_.jpg,left,nitk
data/processed/nitk/left_image_91.jpg,left,nitk
data/processed/nitk/left_514_3_.jpg,left,nitk
data/processed/nitk/left_image_85.jpg,left,nitk
data/processed/nitk/left_490a.jpg,left,nitk
data/processed/nitk/left_366p.jpg,left,nitk
data/processed/nitk/left_430__.jpg,left,nitk
data/processed/nitk/left_223p.jpg,left,nitk
data/processed/nitk/left_251_.jpg,left,nitk
data/processed/nitk/left_310a.jpg,left,nitk
data/processed/nitk/left_443_2_.jpg,left,nitk
data/processed/nitk/left_486a.jpg,left,nitk
data/processed/nitk/left_561_4_.jpg,left,nitk
data/processed/nitk/left_347a.jpg,left,nitk
data/processed/nitk/left_529_1_.jpg,left,nitk
data/processed/nitk/left_274p.jpg,left,nitk
data/processed/nitk/left_594a.jpg,left,nitk
data/processed/nitk/left_73a.jpg,left,nitk
data/processed/nitk/left_448p.jpg,left,nitk
data/processed/nitk/left_554_1_.jpg,left,nitk
data/processed/nitk/left_1309a.jpg,left,nitk
data/processed/nitk/left_787_.jpg,left,nitk
data/processed/nitk/left_508_2_.jpg,left,nitk
data/processed/nitk/left_768_.jpg,left,nitk
data/processed/nitk/left_501_1_.jpg,left,nitk
data/processed/nitk/left_292_.jpg,left,nitk
data/processed/nitk/left_338_.jpg,left,nitk
data/processed/nitk/left_433p.jpg,left,nitk
data/processed/nitk/left_500a.jpg,left,nitk
data/processed/nitk/left_683_4_.jpg,left,nitk
data/processed/nitk/left_150a.jpg,left,nitk
data/processed/nitk/left_1165a.jpg,left,nitk
data/processed/nitk/left_575_2_.jpg,left,nitk
data/processed/nitk/left_475_2_.jpg,left,nitk
data/processed/nitk/left_916a.jpg,left,nitk
data/processed/nitk/left_258p.jpg,left,nitk
data/processed/nitk/left_557_4_.jpg,left,nitk
data/processed/nitk/left_1132a.jpg,left,nitk
data/processed/nitk/left_464p.jpg,left,nitk
data/processed/nitk/left_521p.jpg,left,nitk
data/processed/nitk/left_1427a.jpg,left,nitk
data/processed/nitk/left_794_7_.jpg,left,nitk
data/processed/nitk/left_541_3_.jpg,left,nitk
data/processed/nitk/left_798_7_.jpg,left,nitk
data/processed/nitk/left_image_6.jpg,left,nitk
data/processed/nitk/left_541a.jpg,left,nitk
data/processed/nitk/left_image_53.jpg,left,nitk
data/processed/nitk/left_1124a.jpg,left,nitk
data/processed/nitk/left_1431a.jpg,left,nitk
data/processed/nitk/left_467_2_.jpg,left,nitk
data/processed/nitk/left_816_.jpg,left,nitk
data/processed/nitk/left_957a.jpg,left,nitk
data/processed/nitk/left_567_2_.jpg,left,nitk
data/processed/nitk/left_219p.jpg,left,nitk
data/processed/nitk/left_791_.jpg,left,nitk
data/processed/nitk/left_124.jpg,left,nitk
data/processed/nitk/left_545_4_.jpg,left,nitk
data/processed/nitk/left_1173a.jpg,left,nitk
data/processed/nitk/left_522_3_.jpg,left,nitk
data/processed/nitk/left_479_2_.jpg,left,nitk
data/processed/nitk/left_3p.jpg,left,nitk
data/processed/nitk/left_425p.jpg,left,nitk
data/processed/nitk/left_865.jpg,left,nitk
data/processed/nitk/left_579_2_.jpg,left,nitk
data/processed/nitk/left_900a.jpg,left,nitk
data/processed/nitk/left_686_7_.jpg,left,nitk
data/processed/nitk/left_859.jpg,left,nitk
data/processed/nitk/left_453a.jpg,left,nitk
data/processed/nitk/left_538_4_.jpg,left,nitk
data/processed/nitk/left_212p.jpg,left,nitk
data/processed/nitk/left_717_4_.jpg,left,nitk
data/processed/nitk/left_94__.jpg,left,nitk
data/processed/nitk/left_1314a.jpg,left,nitk
data/processed/nitk/left_816.jpg,left,nitk
data/processed/nitk/left_1251a.jpg,left,nitk
data/processed/nitk/left_325_.jpg,left,nitk
data/processed/nitk/left_763_7_.jpg,left,nitk
data/processed/nitk/left_1178a.jpg,left,nitk
data/processed/nitk/left_663_7_.jpg,left,nitk
data/processed/nitk/left_595_1_.jpg,left,nitk
data/processed/nitk/left_143.jpg,left,nitk
data/processed/nitk/left_69__.jpg,left,nitk
data/processed/nitk/left_622_1_.jpg,left,nitk
data/processed/nitk/left_237_.jpg,left,nitk
data/processed/nitk/left_1343a.jpg,left,nitk
data/processed/nitk/left_image_34.jpg,left,nitk
data/processed/nitk/left_641_1_.jpg,left,nitk
data/processed/nitk/left_image_20.jpg,left,nitk
data/processed/nitk/left_815_7_.jpg,left,nitk
data/processed/nitk/left_300p.jpg,left,nitk
data/processed/nitk/left_609_4_.jpg,left,nitk
data/processed/nitk/left_600_7_.jpg,left,nitk
data/processed/nitk/left_1206a.jpg,left,nitk
data/processed/nitk/left_482_2_.jpg,left,nitk
data/processed/nitk/left_868_7_.jpg,left,nitk
data/processed/nitk/left_496p.jpg,left,nitk
data/processed/nitk/left_705_4_.jpg,left,nitk
data/processed/nitk/left_360a.jpg,left,nitk
data/processed/nitk/left_1210a.jpg,left,nitk
data/processed/nitk/left_437__.jpg,left,nitk
data/processed/nitk/left_671_7_.jpg,left,nitk
data/processed/nitk/left_1139a.jpg,left,nitk
data/processed/nitk/left_54a.jpg,left,nitk
data/processed/nitk/left_587_1_.jpg,left,nitk
data/processed/nitk/left_807_7_.jpg,left,nitk
data/processed/nitk/left_653_1_.jpg,left,nitk
data/processed/nitk/left_204p.jpg,left,nitk
data/processed/nitk/left_54__.jpg,left,nitk
data/processed/nitk/left_590_2_.jpg,left,nitk
data/processed/nitk/left_599_1_.jpg,left,nitk
data/processed/nitk/left_290p.jpg,left,nitk
data/processed/nitk/left_1396a.jpg,left,nitk
data/processed/nitk/left_209a.jpg,left,nitk
data/processed/nitk/left_733_4_.jpg,left,nitk
data/processed/nitk/left_1379a.jpg,left,nitk
data/processed/nitk/left_435a.jpg,left,nitk
data/processed/nitk/left_506p.jpg,left,nitk
data/processed/nitk/left_966a.jpg,left,nitk
data/processed/nitk/left_97a.jpg,left,nitk
data/processed/nitk/left_827_.jpg,left,nitk
data/processed/nitk/left_647_7_.jpg,left,nitk
data/processed/nitk/left_443p.jpg,left,nitk
data/processed/nitk/left_120a.jpg,left,nitk
data/processed/nitk/left_624_7_.jpg,left,nitk
data/processed/nitk/left_593_7_.jpg,left,nitk
data/processed/nitk/left_480_3_.jpg,left,nitk
data/processed/nitk/left_228p.jpg,left,nitk
data/processed/nitk/left_580_3_.jpg,left,nitk
data/processed/nitk/left_70__.jpg,left,nitk
data/processed/nitk/left_659_7_.jpg,left,nitk
data/processed/nitk/left_198a.jpg,left,nitk
data/processed/nitk/left_527a.jpg,left,nitk
data/processed/nitk/left_618_1_.jpg,left,nitk
data/processed/nitk/left_177a.jpg,left,nitk
data/processed/nitk/left_414p.jpg,left,nitk
data/processed/nitk/left_309_.jpg,left,nitk
data/processed/nitk/left_1292a.jpg,left,nitk
data/processed/nitk/left_621_4_.jpg,left,nitk
data/processed/nitk/left_596_4_.jpg,left,nitk
data/processed/nitk/left_721_4_.jpg,left,nitk
data/processed/nitk/left_628_7_.jpg,left,nitk
data/processed/nitk/left_394p.jpg,left,nitk
data/processed/nitk/left_1441a.jpg,left,nitk
data/processed/nitk/left_614_1_.jpg,left,nitk
data/processed/nitk/left_755_7_.jpg,left,nitk
data/processed/nitk/left_39a.jpg,left,nitk
data/processed/nitk/left_1154a.jpg,left,nitk
data/processed/nitk/left_531a.jpg,left,nitk
data/processed/nitk/left_image_35.jpg,left,nitk
data/processed/nitk/left_736_7_.jpg,left,nitk
data/processed/nitk/left_1380a.jpg,left,nitk
data/processed/nitk/left_286p.jpg,left,nitk
data/processed/nitk/left_636_7_.jpg,left,nitk
data/processed/nitk/left_588_4_.jpg,left,nitk
data/processed/nitk/left_142.jpg,left,nitk
data/processed/nitk/left_269p.jpg,left,nitk
data/processed/nitk/left_492_3_.jpg,left,nitk
data/processed/nitk/left_81a.jpg,left,nitk
data/processed/nitk/left_970a.jpg,left,nitk
data/processed/nitk/left_589a.jpg,left,nitk
data/processed/nitk/left_817.jpg,left,nitk
data/processed/nitk/left_136a.jpg,left,nitk
data/processed/nitk/left_455p.jpg,left,nitk
data/processed/nitk/left_815.jpg,left,nitk
data/processed/nitk/left_422p.jpg,left,nitk
data/processed/nitk/left_695_4_.jpg,left,nitk
data/processed/nitk/left_19a.jpg,left,nitk
data/processed/nitk/left_141a.jpg,left,nitk
data/processed/nitk/left_522_4_.jpg,left,nitk
data/processed/nitk/left_511a.jpg,left,nitk
data/processed/nitk/left_4p.jpg,left,nitk
data/processed/nitk/left_463_2_.jpg,left,nitk
data/processed/nitk/left_96.jpg,left,nitk
data/processed/nitk/left_82.jpg,left,nitk
data/processed/nitk/left_545_3_.jpg,left,nitk
data/processed/nitk/left_517_1_.jpg,left,nitk
data/processed/nitk/left_140.jpg,left,nitk
data/processed/nitk/left_779_.jpg,left,nitk
data/processed/nitk/left_283_.jpg,left,nitk
data/processed/nitk/left_445_3_.jpg,left,nitk
data/processed/nitk/left_526_3_.jpg,left,nitk
data/processed/nitk/left_image_23.jpg,left,nitk
data/processed/nitk/left_116a.jpg,left,nitk
data/processed/nitk/left_782_7_.jpg,left,nitk
data/processed/nitk/left_530p.jpg,left,nitk
data/processed/nitk/left_682_7_.jpg,left,nitk
data/processed/nitk/left_1436a.jpg,left,nitk
data/processed/nitk/left_1066a.jpg,left,nitk
data/processed/nitk/left_509_1_.jpg,left,nitk
data/processed/nitk/left_500_2_.jpg,left,nitk
data/processed/nitk/left_541_4_.jpg,left,nitk
data/processed/nitk/left_199p.jpg,left,nitk
data/processed/nitk/left_463p.jpg,left,nitk
data/processed/nitk/left_58a.jpg,left,nitk
data/processed/nitk/left_530_4_.jpg,left,nitk
data/processed/nitk/left_1070a.jpg,left,nitk
data/processed/nitk/left_526p.jpg,left,nitk
data/processed/nitk/left_471_2_.jpg,left,nitk
data/processed/nitk/left_578_1_.jpg,left,nitk
data/processed/nitk/left_454__.jpg,left,nitk
data/processed/nitk/left_807_.jpg,left,nitk
data/processed/nitk/left_1359a.jpg,left,nitk
data/processed/nitk/left_457_3_.jpg,left,nitk
data/processed/nitk/left_557_3_.jpg,left,nitk
data/processed/nitk/left_738_.jpg,left,nitk
data/processed/nitk/left_507a.jpg,left,nitk
data/processed/nitk/left_157a.jpg,left,nitk
data/processed/nitk/left_72__.jpg,left,nitk
data/processed/nitk/left_911a.jpg,left,nitk
data/processed/nitk/left_690_7_.jpg,left,nitk
data/processed/nitk/left_699_4_.jpg,left,nitk
data/processed/nitk/left_790_7_.jpg,left,nitk
data/processed/nitk/left_449_3_.jpg,left,nitk
data/processed/nitk/left_208p.jpg,left,nitk
data/processed/nitk/left_412_2_.jpg,left,nitk
data/processed/nitk/left_553_4_.jpg,left,nitk
data/processed/nitk/left_547_2_.jpg,left,nitk
data/processed/nitk/left_447_2_.jpg,left,nitk
data/processed/nitk/left_1119a.jpg,left,nitk
data/processed/nitk/left_74a.jpg,left,nitk
data/processed/nitk/left_461_3_.jpg,left,nitk
data/processed/nitk/left_435__.jpg,left,nitk
data/processed/nitk/left_336p.jpg,left,nitk
data/processed/nitk/left_561_3_.jpg,left,nitk
data/processed/nitk/left_273p.jpg,left,nitk
data/processed/nitk/left_1375a.jpg,left,nitk
data/processed/nitk/left_194a.jpg,left,nitk
data/processed/nitk/left_897a.jpg,left,nitk
data/processed/nitk/left_559_2_.jpg,left,nitk
data/processed/nitk/left_418p.jpg,left,nitk
data/processed/nitk/left_23a.jpg,left,nitk
data/processed/nitk/left_550_1_.jpg,left,nitk
data/processed/nitk/left_481a.jpg,left,nitk
data/processed/nitk/left_502_3_.jpg,left,nitk
data/processed/nitk/left_361p.jpg,left,nitk
data/processed/nitk/left_565_4_.jpg,left,nitk
data/processed/nitk/left_524_2_.jpg,left,nitk
data/processed/nitk/left_1288a.jpg,left,nitk
data/processed/nitk/left_1322a.jpg,left,nitk
data/processed/nitk/left_1210a (3).jpg,left,nitk
data/processed/nitk/left_1158a.jpg,left,nitk
data/processed/nitk/left_1271a.jpg,left,nitk
data/processed/nitk/left_573_3_.jpg,left,nitk
data/processed/nitk/left_755_.jpg,left,nitk
data/processed/nitk/left_97 (2).jpg,left,nitk
data/processed/nitk/left_image_36.jpg,left,nitk
data/processed/nitk/left_232p.jpg,left,nitk
data/processed/nitk/left_96__.jpg,left,nitk
data/processed/nitk/left_585a.jpg,left,nitk
data/processed/nitk/left_14p.jpg,left,nitk
data/processed/nitk/left_141.jpg,left,nitk
data/processed/nitk/left_408__.jpg,left,nitk
data/processed/nitk/left_459p.jpg,left,nitk
data/processed/nitk/left_97.jpg,left,nitk
data/processed/nitk/left_213a.jpg,left,nitk
data/processed/nitk/left_436_2_.jpg,left,nitk
data/processed/nitk/left_321p.jpg,left,nitk
data/processed/nitk/left_692_7_.jpg,left,nitk
data/processed/nitk/left_78.jpg,left,nitk
data/processed/nitk/left_1227a.jpg,left,nitk
data/processed/nitk/left_792_7_.jpg,left,nitk
data/processed/nitk/left_810.jpg,left,nitk
data/processed/nitk/left_264p.jpg,left,nitk
data/processed/nitk/left_564_1_.jpg,left,nitk
data/processed/nitk/left_584a.jpg,left,nitk
data/processed/nitk/left_15p.jpg,left,nitk
data/processed/nitk/left_145.jpg,left,nitk
data/processed/nitk/left_458p.jpg,left,nitk
data/processed/nitk/left_63a.jpg,left,nitk
data/processed/nitk/left_510_2_.jpg,left,nitk
data/processed/nitk/left_87.jpg,left,nitk
data/processed/nitk/left_519_1_.jpg,left,nitk
data/processed/nitk/left_1270a.jpg,left,nitk
data/processed/nitk/left_754_.jpg,left,nitk
data/processed/nitk/left_528_3_.jpg,left,nitk
data/processed/nitk/left_431__.jpg,left,nitk
data/processed/nitk/left_376p.jpg,left,nitk
data/processed/nitk/left_image_26.jpg,left,nitk
data/processed/nitk/left_image_32.jpg,left,nitk
data/processed/nitk/left_507_1_.jpg,left,nitk
data/processed/nitk/left_496a.jpg,left,nitk
data/processed/nitk/left_1159a.jpg,left,nitk
data/processed/nitk/left_34a.jpg,left,nitk
data/processed/nitk/left_689_4_.jpg,left,nitk
data/processed/nitk/left_780_7_.jpg,left,nitk
data/processed/nitk/left_680_7_.jpg,left,nitk
data/processed/nitk/left_312_.jpg,left,nitk
data/processed/nitk/left_399__.jpg,left,nitk
data/processed/nitk/left_742_.jpg,left,nitk
data/processed/nitk/left_1211a (2).jpg,left,nitk
data/processed/nitk/left_576_1_.jpg,left,nitk
data/processed/nitk/left_1289a.jpg,left,nitk
data/processed/nitk/left_316a.jpg,left,nitk
data/processed/nitk/left_225p.jpg,left,nitk
data/processed/nitk/left_896a.jpg,left,nitk
data/processed/nitk/left_543_4_.jpg,left,nitk
data/processed/nitk/left_559_3_.jpg,left,nitk
data/processed/nitk/left_419p.jpg,left,nitk
data/processed/nitk/left_480a.jpg,left,nitk
data/processed/nitk/left_459_3_.jpg,left,nitk
data/processed/nitk/left_1231a.jpg,left,nitk
data/processed/nitk/left_204a.jpg,left,nitk
data/processed/nitk/left_461_2_.jpg,left,nitk
data/processed/nitk/left_568_1_.jpg,left,nitk
data/processed/nitk/left_337p.jpg,left,nitk
data/processed/nitk/left_697_4_.jpg,left,nitk
data/processed/nitk/left_272p.jpg,left,nitk
data/processed/nitk/left_341a.jpg,left,nitk
data/processed/nitk/left_92__.jpg,left,nitk
data/processed/nitk/left_547_3_.jpg,left,nitk
data/processed/nitk/left_515_1_.jpg,left,nitk
data/processed/nitk/left_592a.jpg,left,nitk
data/processed/nitk/left_75a.jpg,left,nitk
data/processed/nitk/left_540_1_.jpg,left,nitk
data/processed/nitk/left_209p.jpg,left,nitk
data/processed/nitk/left_549_2_.jpg,left,nitk
data/processed/nitk/left_428__.jpg,left,nitk
data/processed/nitk/left_506a.jpg,left,nitk
data/processed/nitk/left_156a.jpg,left,nitk
data/processed/nitk/left_434_2_.jpg,left,nitk
data/processed/nitk/left_534_2_.jpg,left,nitk
data/processed/nitk/left_443a.jpg,left,nitk
data/processed/nitk/left_1358a.jpg,left,nitk
data/processed/nitk/left_462p.jpg,left,nitk
data/processed/nitk/left_551a.jpg,left,nitk
data/processed/nitk/left_1071a.jpg,left,nitk
data/processed/nitk/left_527p.jpg,left,nitk
data/processed/nitk/left_806_.jpg,left,nitk
data/processed/nitk/left_248p.jpg,left,nitk
data/processed/nitk/left_552_1_.jpg,left,nitk
data/processed/nitk/left_500_3_.jpg,left,nitk
data/processed/nitk/left_526_2_.jpg,left,nitk
data/processed/nitk/left_547a.jpg,left,nitk
data/processed/nitk/left_1088a.jpg,left,nitk
data/processed/nitk/left_image_33.jpg,left,nitk
data/processed/nitk/left_117a.jpg,left,nitk
data/processed/nitk/left_image_27.jpg,left,nitk
data/processed/nitk/left_474p.jpg,left,nitk
data/processed/nitk/left_567_4_.jpg,left,nitk
data/processed/nitk/left_1437a.jpg,left,nitk
data/processed/nitk/left_86.jpg,left,nitk
data/processed/nitk/left_545_2_.jpg,left,nitk
data/processed/nitk/left_144.jpg,left,nitk
data/processed/nitk/left_328_.jpg,left,nitk
data/processed/nitk/left_778_.jpg,left,nitk
data/processed/nitk/left_282_.jpg,left,nitk
data/processed/nitk/left_805.jpg,left,nitk
data/processed/nitk/left_579_4_.jpg,left,nitk
data/processed/nitk/left_423p.jpg,left,nitk
data/processed/nitk/left_86 (2).jpg,left,nitk
data/processed/nitk/left_140a.jpg,left,nitk
data/processed/nitk/left_5p.jpg,left,nitk
data/processed/nitk/left_811.jpg,left,nitk
data/processed/nitk/left_1030a.jpg,left,nitk
data/processed/nitk/left_839.jpg,left,nitk
data/processed/nitk/left_538_2_.jpg,left,nitk
data/processed/nitk/left_1460a.jpg,left,nitk
data/processed/nitk/left_463_3_.jpg,left,nitk
data/processed/nitk/left_455a.jpg,left,nitk
data/processed/nitk/left_415__.jpg,left,nitk
data/processed/nitk/left_450__.jpg,left,nitk
data/processed/nitk/left_610_7_.jpg,left,nitk
data/processed/nitk/left_74__.jpg,left,nitk
data/processed/nitk/left_719_4_.jpg,left,nitk
data/processed/nitk/left_511p.jpg,left,nitk
data/processed/nitk/left_710_7_.jpg,left,nitk
data/processed/nitk/left_1047a.jpg,left,nitk
data/processed/nitk/left_588a.jpg,left,nitk
data/processed/nitk/left_805_7_.jpg,left,nitk
data/processed/nitk/left_651_1_.jpg,left,nitk
data/processed/nitk/left_454p.jpg,left,nitk
data/processed/nitk/left_1381a.jpg,left,nitk
data/processed/nitk/left_287p.jpg,left,nitk
data/processed/nitk/left_89__.jpg,left,nitk
data/processed/nitk/left_1440a.jpg,left,nitk
data/processed/nitk/left_475a.jpg,left,nitk
data/processed/nitk/left_452__.jpg,left,nitk
data/processed/nitk/left_38a.jpg,left,nitk
data/processed/nitk/left_image_25.jpg,left,nitk
data/processed/nitk/left_632_1_.jpg,left,nitk
data/processed/nitk/left_866_7_.jpg,left,nitk
data/processed/nitk/left_382__.jpg,left,nitk
data/processed/nitk/left_1339a.jpg,left,nitk
data/processed/nitk/left_673_7_.jpg,left,nitk
data/processed/nitk/left_395p.jpg,left,nitk
data/processed/nitk/left_773_7_.jpg,left,nitk
data/processed/nitk/left_930a.jpg,left,nitk
data/processed/nitk/left_526a.jpg,left,nitk
data/processed/nitk/left_1143a.jpg,left,nitk
data/processed/nitk/left_415p.jpg,left,nitk
data/processed/nitk/left_676_4_.jpg,left,nitk
data/processed/nitk/left_229p.jpg,left,nitk
data/processed/nitk/left_1285a.jpg,left,nitk
data/processed/nitk/left_580_2_.jpg,left,nitk
data/processed/nitk/left_507p.jpg,left,nitk
data/processed/nitk/left_809_7_.jpg,left,nitk
data/processed/nitk/left_96a.jpg,left,nitk
data/processed/nitk/left_967a.jpg,left,nitk
data/processed/nitk/left_826_.jpg,left,nitk
data/processed/nitk/left_615_4_.jpg,left,nitk
data/processed/nitk/left_442p.jpg,left,nitk
data/processed/nitk/left_121a.jpg,left,nitk
data/processed/nitk/left_1114a.jpg,left,nitk
data/processed/nitk/left_597_1_.jpg,left,nitk
data/processed/nitk/left_291p.jpg,left,nitk
data/processed/nitk/left_49__.jpg,left,nitk
data/processed/nitk/left_620_1_.jpg,left,nitk
data/processed/nitk/left_668_4_.jpg,left,nitk
data/processed/nitk/left_439p.jpg,left,nitk
data/processed/nitk/left_590_3_.jpg,left,nitk
data/processed/nitk/left_277_.jpg,left,nitk
data/processed/nitk/left_205p.jpg,left,nitk
data/processed/nitk/left_640_4_.jpg,left,nitk
data/processed/nitk/left_340p.jpg,left,nitk
data/processed/nitk/left_649_7_.jpg,left,nitk
data/processed/nitk/left_298_.jpg,left,nitk
data/processed/nitk/left_623_4_.jpg,left,nitk
data/processed/nitk/left_55a.jpg,left,nitk
data/processed/nitk/left_723_4_.jpg,left,nitk
data/processed/nitk/left_252p.jpg,left,nitk
data/processed/nitk/left_657_7_.jpg,left,nitk
data/processed/nitk/left_317p.jpg,left,nitk
data/processed/nitk/left_43a.jpg,left,nitk
data/processed/nitk/left_598_4_.jpg,left,nitk
data/processed/nitk/left_626_7_.jpg,left,nitk
data/processed/nitk/left_726_7_.jpg,left,nitk
data/processed/nitk/left_497p.jpg,left,nitk
data/processed/nitk/left_1206a (3).jpg,left,nitk
data/processed/nitk/left_image_24.jpg,left,nitk
data/processed/nitk/left_244p.jpg,left,nitk
data/processed/nitk/left_image_30.jpg,left,nitk
data/processed/nitk/left_301p.jpg,left,nitk
data/processed/nitk/left_91.jpg,left,nitk
data/processed/nitk/left_731_4_.jpg,left,nitk
data/processed/nitk/left_9p.jpg,left,nitk
data/processed/nitk/left_638_7_.jpg,left,nitk
data/processed/nitk/left_1179a.jpg,left,nitk
data/processed/nitk/left_459a.jpg,left,nitk
data/processed/nitk/left_812.jpg,left,nitk
data/processed/nitk/left_213p.jpg,left,nitk
data/processed/nitk/left_745_7_.jpg,left,nitk
data/processed/nitk/left_1315a.jpg,left,nitk
data/processed/nitk/left_1250a.jpg,left,nitk
data/processed/nitk/left_774_.jpg,left,nitk
data/processed/nitk/left_356p.jpg,left,nitk
